time,dr_imu_x,dr_imu_y,dr_imu_theta
1747685907.584586,[3.00000001],[-0.78027269],[1.57079533]
1747685907.7569244,[3.00000001],[-0.7802727],[1.57079562]
1747685907.9678955,[3.00000001],[-0.7802727],[1.57079563]
1747685908.152168,[3.00000001],[-0.78027269],[1.57079534]
1747685908.3597765,[3.00000001],[-0.78027269],[1.57079546]
1747685908.5665157,[3.00000001],[-0.78027269],[1.57079548]
1747685908.7574685,[3.00000001],[-0.78027269],[1.57079549]
1747685908.9588435,[3.00000001],[-0.7802727],[1.57079549]
1747685909.1581275,[3.00000001],[-0.7802727],[1.57079564]
1747685909.355688,[3.00000001],[-0.7802727],[1.57079549]
1747685909.5576282,[3.00000001],[-0.7802727],[1.57079549]
1747685909.7492208,[3.00000001],[-0.78027269],[1.57079548]
1747685909.954691,[3.00000001],[-0.7802727],[1.57079552]
1747685910.155082,[3.00000001],[-0.7802727],[1.5707955]
1747685910.3607545,[3.00000001],[-0.78027269],[1.57079548]
1747685910.5548384,[3.00000001],[-0.7802727],[1.57079553]
1747685910.7515974,[3.00000001],[-0.78027269],[1.57079551]
1747685910.9486837,[3.00000001],[-0.7802727],[1.57079551]
1747685911.1604152,[3.00000001],[-0.78027269],[1.57079566]
1747685911.3573174,[3.00000001],[-0.78027269],[1.57079537]
1747685911.5635328,[3.00000001],[-0.78027269],[1.57079539]
1747685911.7574704,[3.00000001],[-0.7802727],[1.57079554]
1747685911.9609337,[3.00000001],[-0.78027269],[1.57079567]
1747685912.1505036,[3.00000001],[-0.7802727],[1.5707954]
1747685912.3601258,[3.00000001],[-0.7802727],[1.57079567]
1747685912.559572,[3.00000001],[-0.78027269],[1.57079554]
1747685912.7559206,[3.00000001],[-0.7802727],[1.57079569]
1747685912.9522939,[3.00000001],[-0.7802727],[1.57079541]
1747685913.1629372,[3.00000001],[-0.7802727],[1.57079555]
1747685913.351639,[3.00000001],[-0.7802727],[1.57079553]
1747685913.5656374,[3.00000001],[-0.78027269],[1.57079553]
1747685913.7591848,[3.00000001],[-0.78027269],[1.57079556]
1747685913.95996,[3.00000001],[-0.7802727],[1.57079554]
1747685914.1574323,[3.00000001],[-0.78027269],[1.5707954]
1747685914.3617039,[3.00000001],[-0.78027269],[1.57079542]
1747685914.5630944,[3.00000001],[-0.78027269],[1.57079554]
1747685914.767046,[3.00000001],[-0.7802727],[1.57079572]
1747685914.9603503,[3.00000001],[-0.7802727],[1.5707957]
1747685915.1567082,[3.00000001],[-0.78027269],[1.57079555]
1747685915.3616397,[3.00000001],[-0.7802727],[1.57079555]
1747685915.5524588,[3.00000001],[-0.78027269],[1.57079554]
1747685915.765682,[3.00000001],[-0.7802727],[1.57079558]
1747685915.9586792,[3.00000001],[-0.7802727],[1.57079571]
1747685916.1596951,[3.00000001],[-0.78027269],[1.57079556]
1747685916.371212,[3.00000001],[-0.7802727],[1.57079569]
1747685916.5535696,[3.00000001],[-0.78027269],[1.57079557]
1747685916.7624547,[3.00000001],[-0.78027269],[1.57079555]
1747685916.9512923,[3.00000001],[-0.78027269],[1.57079559]
1747685917.1558468,[3.00000001],[-0.7802727],[1.57079557]
1747685917.3589776,[3.00000001],[-0.7802727],[1.57079543]
1747685917.5597684,[3.00000001],[-0.78027269],[1.57079544]
1747685917.750797,[3.00000001],[-0.78027269],[1.5707956]
1747685917.9549387,[3.00000001],[-0.7802727],[1.57079573]
1747685918.1545095,[3.00000001],[-0.78027269],[1.57079559]
1747685918.3526123,[3.00000001],[-0.7802727],[1.57079573]
1747685918.5715625,[3.00000001],[-0.78027269],[1.57079561]
1747685918.750502,[3.00000001],[-0.7802727],[1.57079573]
1747685918.9578874,[3.00000001],[-0.7802727],[1.57079559]
1747685919.1534584,[3.00000001],[-0.7802727],[1.57079574]
1747685919.3569744,[3.00000001],[-0.7802727],[1.57079575]
1747685919.569559,[3.00000001],[-0.78027269],[1.57079547]
1747685919.750866,[3.00000001],[-0.7802727],[1.57079577]
1747685919.9718974,[3.00000001],[-0.78027269],[1.57079546]
1747685920.163564,[3.00000001],[-0.78027269],[1.5707956]
1747685920.3684828,[3.00000001],[-0.7802727],[1.57079563]
1747685920.5548458,[3.00000001],[-0.7802727],[1.57079576]
1747685920.7548823,[3.00000001],[-0.7802727],[1.57079561]
1747685920.957074,[3.00000001],[-0.78027269],[1.57079547]
1747685921.171085,[3.00000001],[-0.7802727],[1.57079576]
1747685921.3576717,[3.00000001],[-0.7802727],[1.57079562]
1747685921.5553198,[3.00000001],[-0.7802727],[1.57079577]
1747685921.7637737,[3.00000001],[-0.7802727],[1.57079549]
1747685921.9618866,[3.00000001],[-0.7802727],[1.57079563]
1747685922.1505284,[3.00000001],[-0.7802727],[1.57079562]
1747685922.3567932,[3.00000001],[-0.78027269],[1.57079561]
1747685922.5529573,[3.00000001],[-0.7802727],[1.57079563]
1747685922.7513473,[3.00000001],[-0.7802727],[1.57079563]
1747685922.9502082,[3.00000001],[-0.7802727],[1.57079563]
1747685923.1609917,[3.00000001],[-0.78027269],[1.57079549]
1747685923.34942,[3.00000001],[-0.7802727],[1.57079566]
1747685923.5762105,[3.00000001],[-0.7802727],[1.57079564]
1747685923.751469,[3.00000001],[-0.7802727],[1.5707955]
1747685923.9576707,[3.00000001],[-0.78027269],[1.57079552]
1747685924.1533675,[3.00000001],[-0.7802727],[1.57079581]
1747685924.4388394,[3.00000001],[-0.7802727],[1.5707958]
1747685924.5633042,[3.00000001],[-0.78027269],[1.57079565]
1747685924.7607164,[3.00000001],[-0.7802727],[1.57079551]
1747685924.9610415,[3.00000001],[-0.7802727],[1.57079566]
1747685925.1604538,[3.00000001],[-0.78027269],[1.57079581]
1747685925.3562253,[3.00000001],[-0.7802727],[1.57079566]
1747685925.557251,[3.00000001],[-0.78027269],[1.57079564]
1747685925.7532847,[3.00000001],[-0.7802727],[1.57079583]
1747685925.9688828,[3.00000001],[-0.7802727],[1.57079554]
1747685926.1586542,[3.00000001],[-0.7802727],[1.57079567]
1747685926.3722646,[3.00000001],[-0.78027269],[1.57079565]
1747685926.5609207,[3.00000001],[-0.78027269],[1.57079567]
1747685926.756268,[3.00000001],[-0.7802727],[1.57079584]
1747685926.9584808,[3.00000001],[-0.7802727],[1.57079583]
1747685927.1583707,[3.00000001],[-0.7802727],[1.57079555]
1747685927.3605826,[3.00000001],[-0.7802727],[1.57079568]
1747685927.5607932,[3.00000001],[-0.7802727],[1.57079583]
1747685927.7566082,[3.00000001],[-0.7802727],[1.57079583]
1747685927.9659185,[3.00000001],[-0.7802727],[1.57079569]
1747685928.1546052,[3.00000002],[-0.78027078],[1.55325349]
1747685928.3518112,[3.00000006],[-0.78026954],[1.5333413]
1747685928.5615246,[3.00000012],[-0.78026822],[1.51315213]
1747685928.7487066,[3.00000018],[-0.78026726],[1.50350718]
1747685928.970821,[3.00000027],[-0.78026626],[1.47332472]
1747685929.168654,[3.00000036],[-0.78026541],[1.45348164]
1747685929.3696637,[3.00000047],[-0.7802646],[1.44347681]
1747685929.5580733,[3.00000056],[-0.78026395],[1.41341217]
1747685929.7638133,[3.00000067],[-0.78026332],[1.3935293]
1747685929.9615684,[3.00000077],[-0.78026278],[1.37352468]
1747685930.15569,[3.00000088],[-0.78026226],[1.35366164]
1747685930.364995,[3.000001],[-0.78026176],[1.34343561]
1747685930.5600233,[3.00000101],[-0.78026169],[1.3305189]
1747685930.757026,[3.00000101],[-0.78026169],[1.33051721]
1747685930.9575043,[3.00000102],[-0.78026168],[1.33051711]
1747685931.1569812,[3.00000101],[-0.78026169],[1.3305169]
1747685931.3520474,[3.00000102],[-0.78026168],[1.33051684]
1747685931.5601323,[3.00000102],[-0.78026168],[1.33051667]
1747685931.7508514,[3.00000102],[-0.78026168],[1.33051654]
1747685931.9599857,[3.00000101],[-0.78026169],[1.33051645]
1747685932.1678412,[3.00000102],[-0.78026168],[1.33051631]
1747685932.3589177,[3.00000101],[-0.78026169],[1.33051614]
1747685932.5536366,[3.00000102],[-0.78026168],[1.33051608]
1747685932.7671475,[3.00000101],[-0.78026169],[1.33051584]
1747685932.960782,[3.00000102],[-0.78026168],[1.33051581]
1747685933.171791,[3.00000101],[-0.78026169],[1.33051562]
1747685933.3561244,[3.00000102],[-0.78026168],[1.33051555]
1747685933.5551755,[3.00000102],[-0.78026168],[1.33051539]
1747685933.7581255,[3.00000102],[-0.78026168],[1.33051523]
1747685933.9677193,[3.00000102],[-0.78026168],[1.33051509]
1747685934.1507728,[3.00000102],[-0.78026168],[1.330515]
1747685934.3602898,[3.00000102],[-0.78026168],[1.3305149]
1747685934.563868,[3.00000102],[-0.78026168],[1.33051474]
1747685934.7569878,[3.00000101],[-0.78026169],[1.3305146]
1747685934.955422,[3.00000101],[-0.78026169],[1.3305145]
1747685935.1640997,[3.00000101],[-0.78026169],[1.33051435]
1747685935.3629694,[3.00000101],[-0.78026169],[1.33051414]
1747685935.5559573,[3.00000102],[-0.78026168],[1.3305141]
1747685935.7642908,[3.00000101],[-0.78026169],[1.33051388]
1747685935.9582937,[3.00000102],[-0.78026168],[1.33051379]
1747685936.1698015,[3.00000101],[-0.78026169],[1.33051365]
1747685936.359684,[3.00000101],[-0.78026169],[1.33051351]
1747685936.5658216,[3.00000101],[-0.78026169],[1.33051336]
1747685936.7601762,[3.00000102],[-0.78026168],[1.33051336]
1747685936.9534717,[3.00000102],[-0.78026168],[1.33051312]
1747685937.157468,[3.00000102],[-0.78026168],[1.33051303]
1747685937.3636355,[3.00262443],[-0.76958348],[1.32962967]
1747685937.5523345,[3.00716262],[-0.75113892],[1.32959092]
1747685937.758546,[3.01212439],[-0.73096874],[1.32959058]
1747685937.9601266,[3.01690042],[-0.71155358],[1.32959123]
1747685938.1591444,[3.02167647],[-0.69213823],[1.32959237]
1747685938.3613968,[3.02693016],[-0.6707811],[1.32959405]
1747685938.557277,[3.0314674],[-0.65233631],[1.32959577]
1747685938.770048,[3.03624352],[-0.63292033],[1.3295961]
1747685938.9735477,[3.04101967],[-0.61350422],[1.3295962]
1747685939.170671,[3.04579582],[-0.59408811],[1.32959628]
1747685939.3697195,[3.05057187],[-0.57467245],[1.32959514]
1747685939.5721717,[3.05534792],[-0.55525688],[1.32959393]
1747685939.7582922,[3.0598852],[-0.53681208],[1.3295933]
1747685939.9581747,[3.06466117],[-0.51739693],[1.32959325]
1747685940.159471,[3.06943715],[-0.49798175],[1.32959405]
1747685940.3594716,[3.07421315],[-0.47856638],[1.32959532]
1747685940.6557271,[3.07922797],[-0.45818001],[1.32959704]
1747685940.759836,[3.08400396],[-0.43876442],[1.32959874]
1747685940.9589741,[3.08878002],[-0.41934843],[1.32959905]
1747685941.1727378,[3.09355612],[-0.3999323],[1.32959915]
1747685941.3675702,[3.0980934],[-0.38148698],[1.32959918]
1747685941.5654852,[3.10269483],[-0.36203029],[1.34930336]
1747685941.7636092,[3.10690113],[-0.34248433],[1.36930463]
1747685941.980989,[3.11107512],[-0.32089145],[1.3892934]
1747685942.1574214,[3.11414493],[-0.3031608],[1.41040052]
1747685942.3545763,[3.1172718],[-0.28240167],[1.43218825]
1747685942.5649803,[3.11971782],[-0.26356505],[1.4523149]
1747685942.7542093,[3.1218879],[-0.24368869],[1.47242742]
1747685942.9698284,[3.12367466],[-0.22377417],[1.49228298]
1747685943.1739185,[3.12496584],[-0.2028207],[1.50883513]
1747685943.3597212,[3.12542523],[-0.183834],[1.56805437]
1747685943.5576084,[3.12509393],[-0.16384485],[1.58818485]
1747685943.7677176,[3.12401242],[-0.14388237],[1.6478539]
1747685943.961072,[3.12196572],[-0.12299066],[1.68810466]
1747685944.1597812,[3.11936802],[-0.10417644],[1.72809104]
1747685944.3722892,[3.11567237],[-0.08351204],[1.77381008]
1747685944.5660439,[3.11109343],[-0.06405198],[1.80101454]
1747685944.7586534,[3.10576787],[-0.04582204],[1.88415199]
1747685944.961473,[3.09912331],[-0.02696526],[1.94258291]
1747685945.1535418,[3.09134594],[-0.0085477],[2.00573402]
1747685945.3753963,[3.0813717],[0.01105127],[2.07179955]
1747685945.6027644,[3.07220289],[0.0265335],[2.13750151]
1747685945.7852056,[3.0672567],[0.0494977],[2.2044395]
1747685945.9666755,[3.05551814],[0.06442941],[2.26549763]
1747685946.1718965,[3.04225893],[0.07939329],[2.32550548]
1747685946.380519,[3.02810625],[0.0935151],[2.38587366]
1747685946.563017,[3.01399153],[0.10621641],[2.41783292]
1747685946.7581544,[2.99900864],[0.11945835],[2.41781475]
1747685946.974442,[2.98327656],[0.13336198],[2.41781373]
1747685947.1707265,[2.96904276],[0.14594148],[2.41781314]
1747685947.3662558,[2.95405982],[0.15918307],[2.41781249]
1747685947.5738554,[2.93907689],[0.17242467],[2.41781187]
1747685947.7753987,[2.92409407],[0.18566617],[2.41781199]
1747685947.9868388,[2.90761287],[0.2002319],[2.41781255]
1747685948.2727113,[2.89412824],[0.21214932],[2.41781314]
1747685948.380154,[2.87839614],[0.22605297],[2.4178137]
1747685948.562366,[2.86415567],[0.23862534],[2.41781397]
1747685948.770718,[2.84820997],[0.25228319],[2.44302819]
1747685948.9612978,[2.83354923],[0.26436195],[2.4523528]
1747685949.1778448,[2.81788681],[0.27679127],[2.4818222]
1747685949.3784258,[2.80115423],[0.28947121],[2.50937001]
1747685949.5653856,[2.78563503],[0.30042261],[2.52925073]
1747685949.777301,[2.76799402],[0.31180328],[2.58896204]
1747685949.9638462,[2.75077656],[0.32196814],[2.62721969]
1747685950.1640115,[2.73407313],[0.33101853],[2.6648475]
1747685950.363461,[2.71613441],[0.33984964],[2.71059729]
1747685950.5753691,[2.69775182],[0.34771037],[2.77031842]
1747685950.7729886,[2.67797271],[0.35473811],[2.83192895]
1747685950.9662466,[2.65971781],[0.35997654],[2.89743191]
1747685951.179017,[2.63919165],[0.36436886],[2.96393007]
1747685951.362802,[2.62040454],[0.36714636],[3.02917087]
1747685951.5681074,[2.6004813],[0.36880247],[3.09285158]
1747685951.8860357,[2.58049436],[0.36923017],[3.12320511]
1747685951.9890814,[2.56650989],[0.36870451],[-3.07986484]
1747685952.1724827,[2.53963082],[0.36626942],[-3.04813552]
1747685952.3667314,[2.52076226],[0.3640843],[-3.02515473]
1747685952.5774963,[2.49991035],[0.36164741],[-3.02524399]
1747685952.7762053,[2.48104443],[0.35944246],[-3.0252466]
1747685952.978171,[2.46019265],[0.35700545],[-3.02524841]
1747685953.178986,[2.441327],[0.35480058],[-3.02524869]
1747685953.3805704,[2.42146841],[0.35247967],[-3.02524915]
1747685953.5867572,[2.40160969],[0.35015875],[-3.0252481]
1747685953.783711,[2.38175043],[0.34784164],[-3.02934916]
1747685953.9804857,[2.36086839],[0.34568964],[-3.03955673]
1747685954.1940687,[2.34094299],[0.3440312],[-3.06791627]
1747685954.3754594,[2.32099023],[0.34274496],[-3.08631592]
1747685954.5949254,[2.30201541],[0.3418836],[-3.09560744]
1747685954.9431307,[2.28202374],[0.34161245],[-3.12874613]
1747685955.0068564,[2.26503494],[0.34209173],[3.1302897]
1747685955.1828966,[2.2420895],[0.34352452],[3.07320634]
1747685955.3862338,[2.22123014],[0.34587978],[3.00109266]
1747685955.572557,[2.20251068],[0.34908405],[2.93622991]
1747685955.7762966,[2.18212024],[0.35406879],[2.87008299]
1747685956.0020518,[2.16304054],[0.36004044],[2.83945863]
1747685956.201542,[2.14433751],[0.36710243],[2.74980307]
1747685956.3833435,[2.12704369],[0.37495099],[2.69088853]
1747685956.580845,[2.10926849],[0.38410106],[2.66368656]
1747685956.7862582,[2.09204458],[0.39425039],[2.57754033]
1747685956.9862657,[2.0752255],[0.40506415],[2.57008094]
1747685957.182679,[2.05756593],[0.4164192],[2.57011751]
1747685957.3921063,[2.04158855],[0.42669333],[2.57012373]
1747685957.5868204,[2.02477026],[0.43750821],[2.57012421]
1747685957.7887604,[2.00795204],[0.44832303],[2.57012441]
1747685957.9789217,[1.99029281],[0.45967867],[2.57012376]
1747685958.1748908,[1.97431543],[0.46995282],[2.57012284]
1747685958.4077618,[1.95665624],[0.48130847],[2.57012227]
1747685958.5722892,[1.94067887],[0.49158265],[2.57012164]
1747685958.7907348,[1.92301953],[0.50293841],[2.5701215]
1747685958.9768546,[1.90704219],[0.51321257],[2.57012244]
1747685959.178474,[1.89022391],[0.52402746],[2.57012286]
1747685959.3795621,[1.8725647],[0.5353831],[2.57012417]
1747685959.5799716,[1.85658733],[0.54565721],[2.57012507]
1747685959.7790065,[1.83976902],[0.55647206],[2.5701255]
1747685959.9763474,[1.82210987],[0.56782761],[2.57012535]
1747685960.1957757,[1.80529154],[0.57864249],[2.57012473]
1747685960.3834598,[1.78931414],[0.58891662],[2.57012417]
1747685960.5804095,[1.77165494],[0.60027225],[2.57012353]
1747685960.7950814,[1.75567755],[0.6105464],[2.57012324]
1747685960.9968712,[1.73633638],[0.62298363],[2.57012275]
1747685961.1809604,[1.72204086],[0.63217627],[2.57012371]
1747685961.3764567,[1.70522257],[0.64299115],[2.57012458]
1747685961.5889056,[1.68840427],[0.65380601],[2.57012547]
1747685961.7877345,[1.67074503],[0.6651616],[2.57012634]
1747685962.10117,[1.65395099],[0.67601309],[2.5601591]
1747685962.1781695,[1.63735839],[0.68717158],[2.53974844]
1747685962.3895044,[1.62099012],[0.69865639],[2.51969429]
1747685962.5719657,[1.6056553],[0.70986726],[2.49982094]
1747685962.7982442,[1.58897891],[0.72262263],[2.47210464]
1747685963.017255,[1.57354817],[0.73533822],[2.43182605]
1747685963.185983,[1.56018472],[0.74082384],[2.41245817]
1747685963.385753,[1.54584839],[0.75475928],[2.34654375]
1747685963.5901568,[1.53152346],[0.77010445],[2.29057891]
1747685963.7806406,[1.51939257],[0.78471871],[2.2310485]
1747685963.9998093,[1.50699303],[0.80165804],[2.17409178]
1747685964.193715,[1.49614387],[0.81845125],[2.11818627]
1747685964.3877957,[1.4863736],[0.83589004],[2.04445099]
1747685964.6010888,[1.47790812],[0.85399755],[1.9708578]
1747685964.7819226,[1.47108837],[0.87171861],[1.89407892]
1747685964.9759877,[1.46548112],[0.89090535],[1.81358158]
1747685965.189371,[1.46120196],[0.91145515],[1.73325305]
1747685965.4001553,[1.4587355],[0.93129463],[1.69615829]
1747685965.600707,[1.45710023],[0.95120709],[1.62936637]
1747685965.8099341,[1.45621053],[0.97116555],[1.61411974]
1747685966.0005972,[1.45591736],[0.99014767],[1.57388219]
1747685966.287426,[1.45608425],[1.01113069],[1.55217973]
1747685966.4057617,[1.4565335],[1.03110962],[1.53294802]
1747685966.6010363,[1.45759689],[1.05106945],[1.51499953]
1747685966.7827153,[1.4588241],[1.07001409],[1.49736282]
1747685966.998907,[1.46054688],[1.09092525],[1.47835648]
1747685967.1822693,[1.46249033],[1.10980876],[1.45620811]
1747685967.4086747,[1.46516127],[1.13062066],[1.42587493]
1747685967.705037,[1.46840789],[1.15034056],[1.38384797]
1747685967.8469143,[1.47097698],[1.16307499],[1.32982694]
1747685968.1017785,[1.47790571],[1.18812879],[1.24272044]
1747685968.2005348,[1.48401449],[1.20403136],[1.1883341]
1747685968.3820162,[1.49395581],[1.22587008],[1.11265711]
1747685968.613375,[1.50344716],[1.24343716],[1.03699369]
1747685968.797009,[1.5142329],[1.26022565],[0.96108551]
1747685968.991683,[1.52564975],[1.27534549],[0.88773348]
1747685969.1799676,[1.53953625],[1.2909879],[0.8149221]
1747685969.4046357,[1.55358694],[1.30506695],[0.74285383]
1747685969.6255887,[1.56868531],[1.31799752],[0.67365344]
1747685969.8251326,[1.58462608],[1.32984526],[0.64330449]
1747685970.0087168,[1.6014228],[1.340532],[0.53838032]
1747685970.2075052,[1.6189208],[1.35011006],[0.47556575]
1747685970.4841316,[1.63693954],[1.35871012],[0.41367515]
1747685970.6029274,[1.65533567],[1.36656217],[0.41111944]
1747685970.7990646,[1.67326843],[1.37295586],[0.32440422]
1747685971.020016,[1.6933495],[1.3791163],[0.26895507]
1747685971.2260768,[1.71357137],[1.38410368],[0.2417713]
1747685971.4244204,[1.73222363],[1.3877356],[0.19793007]
1747685971.59637,[1.74411519],[1.38940844],[0.14331465]
1747685971.8247287,[1.74411536],[1.38940742],[0.14260415]
1747685972.0277367,[1.74411536],[1.38940742],[0.14259818]
1747685972.2070792,[1.74411535],[1.38940741],[0.14260519]
1747685972.4021566,[1.74411535],[1.38940742],[0.14261247]
1747685972.5999932,[1.74411535],[1.38940742],[0.14261974]
1747685972.807236,[1.74411535],[1.38940741],[0.14262338]
1747685973.0192387,[1.74411535],[1.38940742],[0.14263456]
1747685973.1980948,[1.74411536],[1.38940742],[0.142642]
1747685973.3951218,[1.74411536],[1.38940742],[0.14264933]
1747685973.5963151,[1.74411537],[1.38940742],[0.14265319]
1747685973.7959592,[1.74411536],[1.38940742],[0.14266431]
1747685974.1156452,[1.74411535],[1.38940741],[0.14267158]
1747685974.2172437,[1.74411535],[1.38940742],[0.14267889]
1747685974.3869147,[1.74411535],[1.38940742],[0.14268665]
1747685974.5934017,[1.74411899],[1.38940795],[0.16112327]
1747685974.8149498,[1.74411963],[1.38940807],[0.18136977]
1747685975.0087726,[1.74401481],[1.38938722],[0.19111896]
1747685975.20723,[1.74362304],[1.3893037],[0.20987795]
1747685975.397417,[1.7431884],[1.38920315],[0.23587165]
1747685975.6168487,[1.74296372],[1.38914833],[0.26087595]
1747685975.8275697,[1.7429732],[1.38915072],[0.29635975]
1747685976.0068529,[1.74297356],[1.38915087],[0.33628381]
1747685976.1949902,[1.74297387],[1.38915098],[0.37536304]
1747685976.4088311,[1.74297418],[1.38915111],[0.41586441]
1747685976.6037922,[1.74297382],[1.38915093],[0.45472585]
1747685976.823279,[1.74300453],[1.38916663],[0.46947604]
1747685977.0014503,[1.74301222],[1.38917094],[0.52651032]
1747685977.2022934,[1.74301286],[1.3891713],[0.5691567]
1747685977.4776075,[1.74301249],[1.38917105],[0.61262689]
1747685977.62811,[1.74301413],[1.38917233],[0.65656257]
1747685977.8050199,[1.74306982],[1.38921641],[0.69349881]
1747685978.002597,[1.74306943],[1.38921607],[0.73301226]
1747685978.1953793,[1.74306911],[1.38921577],[0.75297255]
1747685978.4026108,[1.74306881],[1.38921547],[0.81269514]
1747685978.5953262,[1.74306855],[1.38921518],[0.83291368]
1747685978.80003,[1.74306833],[1.38921492],[0.89293642]
1747685979.0052297,[1.74306814],[1.38921468],[0.93263617]
1747685979.222765,[1.74306798],[1.38921445],[0.97314939]
1747685979.3934863,[1.74306789],[1.38921431],[1.01336502]
1747685979.5997229,[1.74306786],[1.38921427],[1.05293191]
1747685979.8002427,[1.74306785],[1.38921424],[1.07289309]
1747685980.0000303,[1.74306783],[1.38921421],[1.13307965]
1747685980.193886,[1.74306781],[1.38921416],[1.17286647]
1747685980.3911438,[1.74306778],[1.38921409],[1.21256627]
1747685980.6865964,[1.74306774],[1.38921397],[1.2528689]
1747685980.8096187,[1.74306769],[1.3892138],[1.29297706]
1747685980.9997766,[1.74306762],[1.38921356],[1.33298572]
1747685981.1941783,[1.74306753],[1.38921313],[1.35283426]
1747685981.4181986,[1.74306744],[1.38921263],[1.41275777]
1747685981.6698687,[1.74306735],[1.38921199],[1.45280267]
1747685981.8766265,[1.7430679],[1.38921727],[1.49197708]
1747685982.0729423,[1.74306793],[1.38921778],[1.52765707]
1747685982.1998918,[1.74306794],[1.38921823],[1.56428492]
1747685982.4077172,[1.74306794],[1.38921868],[1.60085132]
1747685982.6214654,[1.74306792],[1.38921903],[1.63189074]
1747685982.7917511,[1.74306792],[1.38921903],[1.63178699]
1747685983.0091918,[1.74306792],[1.38921904],[1.63177074]
1747685983.1936371,[1.74306792],[1.38921903],[1.63177156]
1747685983.4012127,[1.74306792],[1.38921904],[1.63177189]
1747685983.7171547,[1.74306792],[1.38921904],[1.6317732]
1747685983.8164144,[1.74306792],[1.38921904],[1.63177407]
1747685984.0000298,[1.74306792],[1.38921904],[1.63177485]
1747685984.2184727,[1.74306792],[1.38921903],[1.63177568]
1747685984.3975608,[1.74306792],[1.38921903],[1.6317766]
1747685984.6060243,[1.74184765],[1.40917546],[1.63190111]
1747685984.807497,[1.74062656],[1.42913271],[1.63190264]
1747685985.0039117,[1.73946657],[1.4480921],[1.63190316]
1747685985.18767,[1.73824552],[1.46804935],[1.63190322]
1747685985.40214,[1.73696345],[1.48900417],[1.63190174]
1747685985.5814304,[1.73580354],[1.50796284],[1.63190078]
1747685985.9792116,[1.73458261],[1.52791921],[1.63190063]
1747685986.04303,[1.73458261],[1.52791921],[1.63190045]
1747685986.2186942,[1.7320187],[1.56982758],[1.63189996]
1747685986.4001915,[1.73091987],[1.5877883],[1.63190029]
1747685986.6209364,[1.72969888],[1.60774505],[1.63190302]
1747685986.7939,[1.72841678],[1.62870017],[1.63190323]
1747685987.0145683,[1.72725679],[1.64765956],[1.6319033]
1747685987.1963325,[1.72603574],[1.66761681],[1.6319035]
1747685987.409238,[1.72481469],[1.68757406],[1.6319038]
1747685987.6094801,[1.7235326],[1.70852888],[1.63190223]
1747685987.7948442,[1.72237269],[1.72748755],[1.63190138]
1747685988.09834,[1.72115174],[1.74744391],[1.63190105]
1747685988.22554,[1.71993078],[1.76740064],[1.63190102]
1747685988.4006116,[1.71895166],[1.78937117],[1.60835889]
1747685988.5980725,[1.71841889],[1.8073569],[1.59824733]
1747685988.7971165,[1.71829592],[1.82735007],[1.56712788]
1747685988.9973788,[1.71854524],[1.84734273],[1.54872447]
1747685989.199944,[1.71914876],[1.86732783],[1.53942923]
1747685989.4075184,[1.72012186],[1.88729841],[1.52107039]
1747685989.6095495,[1.72155153],[1.90824366],[1.49348538]
1747685989.833493,[1.72326342],[1.92816361],[1.48438687]
1747685990.0020227,[1.72543224],[1.94803917],[1.45357024]
1747685990.2817235,[1.72783872],[1.96687991],[1.43212526]
1747685990.420708,[1.73082311],[1.98664962],[1.41003502]
1747685990.598169,[1.73427417],[2.00634324],[1.3997395]
1747685990.8064032,[1.73829895],[2.02694777],[1.36725385]
1747685991.0172184,[1.74230086],[2.04551628],[1.34751396]
1747685991.2054038,[1.74717043],[2.06593749],[1.33697125]
1747685991.4185324,[1.75177306],[2.08539556],[1.33733372]
1747685991.5928693,[1.75616724],[2.10387548],[1.33734009]
1747685991.7952921,[1.76079285],[2.12332786],[1.33734065]
1747685991.9888964,[1.76541835],[2.14277984],[1.33734242]
1747685992.2177305,[1.77027506],[2.16320434],[1.33734414]
1747685992.4236655,[1.77490043],[2.18265601],[1.33734458]
1747685992.6097162,[1.7792945],[2.20113507],[1.33734502]
1747685992.9100015,[1.78391984],[2.2205867],[1.33734515]
1747685993.0097234,[1.78646381],[2.23128522],[1.33734441]
1747685993.2008224,[1.79340195],[2.26046302],[1.33734297]
1747685993.3975852,[1.79779619],[2.27894254],[1.33734221]
1747685993.5881093,[1.80242179],[2.29839505],[1.33734234]
1747685993.8274074,[1.8070474],[2.31784755],[1.33734244]
1747685994.0601382,[1.81190425],[2.33827256],[1.33734288]
1747685994.2138133,[1.81328519],[2.35720232],[1.3373651]
1747685994.431521,[1.81814493],[2.37762662],[1.33734672]
1747685994.6233888,[1.82253901],[2.39610573],[1.33734684]
1747685994.8121579,[1.8271643],[2.4155573],[1.33734727]
1747685995.0355773,[1.83178959],[2.43500891],[1.33734743]
1747685995.300375,[1.83664623],[2.45543345],[1.33470396]
1747685995.418338,[1.84169407],[2.47581252],[1.33470396]
1747685995.6164439,[1.84628221],[2.49321234],[1.3113397]
1747685995.8043935,[1.85182592],[2.51242317],[1.29287305]
1747685996.0132132,[1.85771391],[2.53153103],[1.27471594]
1747685996.189866,[1.86391318],[2.5505393],[1.25527643]
1747685996.4075143,[1.87082182],[2.57036348],[1.22499207]
1747685996.6078951,[1.87742773],[2.58817157],[1.21524587]
1747685996.7978008,[1.88542725],[2.60758059],[1.16146302]
1747685997.0130038,[1.89331421],[2.6248601],[1.11993573]
1747685997.212099,[1.90238348],[2.64267975],[1.0794567]
1747685997.4032981,[1.91274222],[2.66094088],[1.03870182]
1747685997.6813023,[1.92267412],[2.67713258],[0.99970371]
1747685997.8129354,[1.93384422],[2.6937168],[0.95933338]
1747685997.9982004,[1.94564285],[2.70985825],[0.91741558]
1747685998.1978586,[1.95875054],[2.72625702],[0.87415558]
1747685998.411711,[1.97191301],[2.74130701],[0.85279172]
1747685998.6061223,[1.98495939],[2.75511183],[0.79263298]
1747685998.7988877,[1.99924678],[2.76909906],[0.75331747]
1747685999.00708,[2.01483413],[2.78316301],[0.71588936]
1747685999.2053876,[2.03015491],[2.79600953],[0.67911656]
1747685999.4140759,[2.04582701],[2.80842701],[0.66719897]
1747685999.5963907,[2.06074918],[2.82018162],[0.66721796]
1747685999.8058102,[2.07645655],[2.83255494],[0.66721955]
1747686000.103476,[2.0921639],[2.84492822],[0.66721933]
1747686000.218998,[2.10630052],[2.85606417],[0.66721901]
1747686000.409806,[2.12357862],[2.86967477],[0.6672187]
1747686000.5996554,[2.14007136],[2.8826667],[0.66721837]
1747686000.8138347,[2.15499338],[2.89442133],[0.66721869]
1747686001.0179536,[2.17148621],[2.90741335],[0.66721861]
1747686001.2191222,[2.18719369],[2.9197867],[0.66721845]
1747686001.4198356,[2.20368653],[2.93277871],[0.6672183]
1747686001.5934122,[2.21860863],[2.9445334],[0.66721822]
1747686001.821405,[2.23353074],[2.95628808],[0.66721805]
1747686002.0094416,[2.24923815],[2.96866135],[0.66721729]
1747686002.2975645,[2.2657309],[2.98165327],[0.6672171]
1747686002.5027864,[2.28143828],[2.99402652],[0.66721676]
1747686002.6433632,[2.2842185],[3.01114491],[0.66745476]
1747686002.803379,[2.29835443],[3.02228175],[0.66722225]
1747686003.0083625,[2.31484759],[3.03527321],[0.66721633]
1747686003.2316556,[2.33055509],[3.04764652],[0.66721618]
1747686003.4173481,[2.34626259],[3.06001984],[0.66721603]
1747686003.6067235,[2.36118472],[3.07177449],[0.66721595]
1747686003.8087895,[2.37767759],[3.08476646],[0.6672157]
1747686004.1085868,[2.39259975],[3.09652111],[0.66721555]
1747686004.2069576,[2.40280958],[3.10456372],[0.66721496]
1747686004.4361558,[2.4254108],[3.12236739],[0.66721446]
1747686004.6113255,[2.44111822],[3.13474059],[0.66721417]
1747686004.8197043,[2.45604026],[3.14649514],[0.66721392]
1747686005.0108664,[2.47253306],[3.15948699],[0.66721363]
1747686005.2302032,[2.48824052],[3.17186021],[0.66721376]
1747686005.4031775,[2.50316286],[3.18361497],[0.66721395]
1747686005.6164653,[2.51965599],[3.1966071],[0.66721401]
1747686005.9768553,[2.53536374],[3.20898056],[0.66721405]
1747686006.0528193,[2.53536374],[3.20898056],[0.66721409]
1747686006.208784,[2.56557502],[3.23201511],[0.64351716]
1747686006.4354706,[2.58323765],[3.24512006],[0.62321718]
1747686006.617068,[2.59875781],[3.25607163],[0.60180819]
1747686006.8271303,[2.61535727],[3.26721916],[0.58006773]
1747686007.0163162,[2.63308183],[3.27847136],[0.57026159]
1747686007.2313902,[2.64930685],[3.28834779],[0.54787698]
1747686007.4246693,[2.66766375],[3.29853284],[0.49314755]
1747686007.6155221,[2.68541811],[3.30771831],[0.45482983]
1747686007.909167,[2.70354153],[3.31616093],[0.41800959]
1747686008.0263402,[2.72110086],[3.32340303],[0.38083975]
1747686008.237568,[2.73977537],[3.33053921],[0.36347246]
1747686008.4083798,[2.75980738],[3.33680281],[0.28236544]
1747686008.621612,[2.77815292],[3.34169701],[0.25370043]
1747686008.8296688,[2.79876675],[3.34565006],[0.16260453]
1747686009.0140996,[2.81860112],[3.34812356],[0.1022937]
1747686009.2222705,[2.8395265],[3.34974432],[0.04474769]
1747686009.427935,[2.85951618],[3.34998707],[-0.01522135]
1747686009.6140158,[2.87748565],[3.34906416],[-0.07517429]
1747686009.9196358,[2.89836893],[3.34694451],[-0.13451106]
1747686010.0713143,[2.91022042],[3.34508923],[-0.19633271]
1747686010.2039206,[2.93443734],[3.33888477],[-0.21336481]
1747686010.4466476,[2.95667016],[3.33302148],[-0.26510525]
1747686010.6385574,[2.97596868],[3.32779339],[-0.26509556]
1747686010.8422196,[2.99430076],[3.32281993],[-0.2649716]
1747686011.1509414,[3.01456279],[3.31732185],[-0.26497126]
1747686011.2195563,[3.01456279],[3.31732185],[-0.26042105]
1747686011.42196,[3.04781232],[3.3286023],[-0.26494009]
1747686011.6167347,[3.06710692],[3.32335777],[-0.26497004]
1747686011.909777,[3.08640354],[3.31812156],[-0.26497074]
1747686012.0576704,[3.09991106],[3.31445626],[-0.26497202]
1747686012.2400222,[3.12596103],[3.30738754],[-0.26497148]
1747686012.4244967,[3.14525732],[3.30215147],[-0.26497107]
1747686012.617264,[3.1635888],[3.29717719],[-0.26497063]
1747686012.8187504,[3.18384998],[3.29167931],[-0.2649697]
1747686013.0194883,[3.20218167],[3.28670502],[-0.26496802]
1747686013.2239747,[3.2214785],[3.28146886],[-0.26496802]
1747686013.4465463,[3.24174037],[3.27597084],[-0.26496791]
1747686013.7536006,[3.26007268],[3.2709964],[-0.26496782]
1747686013.8816977,[3.26103755],[3.27073459],[-0.26496774]
1747686014.039521,[3.29866672],[3.26052398],[-0.26496849]
1747686014.2446318,[3.31892802],[3.25502608],[-0.26496909]
1747686014.4474792,[3.33725273],[3.25002538],[-0.27465019]
1747686014.62692,[3.35643581],[3.24438804],[-0.29656372]
1747686014.8333957,[3.37549235],[3.23833693],[-0.3184039]
1747686015.0358558,[3.39533172],[3.23147136],[-0.32758678]
1747686015.3202605,[3.41411595],[3.2246222],[-0.36004504]
1747686015.4700499,[3.42612583],[3.21965572],[-0.39267542]
1747686015.6079388,[3.44968905],[3.20868722],[-0.43531325]
1747686015.8140397,[3.46778488],[3.20018568],[-0.45185945]
1747686016.0116973,[3.48541562],[3.19075682],[-0.4880899]
1747686016.214095,[3.50273379],[3.18076673],[-0.546696]
1747686016.446338,[3.52042626],[3.16946647],[-0.56660722]
1747686016.639543,[3.53765208],[3.15746636],[-0.58915391]
1747686016.9492638,[3.55272041],[3.1459027],[-0.64849092]
1747686017.0304306,[3.55272041],[3.1459027],[-0.67344015]
1747686017.255714,[3.58197827],[3.11866105],[-0.73035351]
1747686017.4126024,[3.59593727],[3.10576944],[-0.75736297]
1747686017.6274612,[3.61035837],[3.09051154],[-0.8150434]
1747686017.839378,[3.62410978],[3.07464799],[-0.87521634]
1747686018.0499244,[3.63529208],[3.06054944],[-0.90105901]
1747686018.260864,[3.64774645],[3.04490595],[-0.90102595]
1747686018.5463462,[3.66017004],[3.02923827],[-0.90056181]
1747686018.6387315,[3.66203325],[3.02688789],[-0.90056046]
1747686018.859519,[3.68501148],[2.99789838],[-0.90056033]
1747686019.0337827,[3.69743217],[2.98222833],[-0.90055949]
1747686019.2289119,[3.70985299],[2.96655812],[-0.88907516]
1747686019.590896,[3.72356921],[2.95065693],[-0.86242339]
1747686019.6842482,[3.72356921],[2.95065693],[-0.81796352]
1747686019.852841,[3.73109403],[2.95210643],[-0.74234141]
1747686020.1477084,[3.75856402],[2.93043401],[-0.63392465]
1747686020.234665,[3.75937073],[2.92984339],[-0.61305754]
1747686020.4423954,[3.79080308],[2.91033828],[-0.52374297]
1747686020.644437,[3.80745042],[2.90118752],[-0.47414546]
1747686020.860897,[3.82734738],[2.89178724],[-0.42973752]
1747686021.027588,[3.84479907],[2.88428385],[-0.38670991]
1747686021.2664526,[3.86350553],[2.87721008],[-0.37023174]
1747686021.4646146,[3.88342581],[2.87057161],[-0.31154516]
1747686021.7464755,[3.90061614],[2.86524529],[-0.30105253]
1747686021.8686752,[3.91029059],[2.86269591],[-0.27785495]
1747686022.0676024,[3.93749932],[2.85608413],[-0.24231332]
1747686022.2669044,[3.95998812],[2.85125915],[-0.2036958]
1747686022.4815435,[3.97960969],[2.84739011],[-0.18306875]
1747686022.661234,[3.99931389],[2.84395735],[-0.16382434]
1747686022.8755615,[4.01910483],[2.8410562],[-0.14645009]
1747686023.1333182,[4.03890235],[2.83824546],[-0.14104023]
1747686023.2771308,[4.04089962],[2.83808878],[-0.1215358]
1747686023.4786747,[4.07567377],[2.83417899],[-0.11089996]
1747686023.6705613,[4.09956679],[2.83194697],[-0.09257881]
1747686023.8532631,[4.11848751],[2.83025572],[-0.08280277]
1747686024.044514,[4.13842786],[2.82875269],[-0.07435358]
1747686024.2432506,[4.15837168],[2.82730761],[-0.06645502]
1747686024.4322917,[4.17832825],[2.82604478],[-0.06621104]
1747686024.71159,[4.19829332],[2.82492311],[-0.05340405]
1747686024.8691814,[4.2152725],[2.8241399],[-0.04834682]
1747686025.0285664,[4.237246],[2.82315446],[-0.04267261]
1747686025.2464733,[4.25722651],[2.82236302],[-0.03832046]
1747686025.434681,[4.27720875],[2.82161779],[-0.03439117]
1747686025.6291203,[4.29819365],[2.82093575],[-0.03081374]
1747686025.8784647,[4.31818207],[2.82037933],[-0.02936948]
1747686026.0434465,[4.33917113],[2.81984882],[-0.02474491]
1747686026.3461697,[4.35716244],[2.81941985],[-0.02217997]
1747686026.4549983,[4.35716244],[2.81941985],[-0.02195792]
1747686026.666228,[4.398146],[2.818591],[-0.01782269]
1747686026.8666334,[4.41714033],[2.81830759],[-0.01608604]
1747686027.0564828,[4.43813377],[2.81799417],[-0.01442029]
1747686027.2428734,[4.45812786],[2.81771957],[-0.01298378]
1747686027.450686,[4.47912231],[2.81747502],[-0.01167924]
1747686027.867128,[4.49711688],[2.81721977],[-0.01130676]
1747686027.9863226,[4.49711688],[2.81721977],[-0.01058729]
1747686028.1723835,[4.43369306],[2.81486817],[-0.01006926]
1747686028.2677338,[4.43369306],[2.81486817],[-0.01006926]
1747686028.4747503,[4.45964065],[2.81453085],[-0.00852272]
1747686028.706671,[4.49862154],[2.8137132],[-0.00841667]
1747686028.8684027,[4.51264328],[2.81434229],[-0.0073197]
1747686029.1713197,[4.56161037],[2.81299379],[-0.00701394]
1747686029.2795265,[4.56161037],[2.81299379],[-0.00673673]
1747686029.4578319,[4.60064439],[2.81376191],[-0.00586441]
1747686029.645073,[4.62163961],[2.81357627],[-0.00531114]
1747686029.8741462,[4.64163463],[2.81337731],[-0.00509872]
1747686030.0445406,[4.66263453],[2.8134692],[-0.00479257]
1747686030.274142,[4.68162869],[2.81321403],[-0.00452499]
1747686030.4751859,[4.69129608],[2.81332594],[-0.00369584]
1747686030.7718978,[4.69129609],[2.81332597],[-0.00293997]
1747686030.8987112,[4.69129609],[2.81332597],[-0.00293707]
1747686031.0529375,[4.69129609],[2.81332597],[-0.00291811]
1747686031.2468932,[4.69129609],[2.81332597],[-0.0029177]
1747686031.448342,[4.69129609],[2.81332597],[-0.00291788]
1747686031.6670911,[4.69129609],[2.81332597],[-0.00291788]
1747686031.8199208,[4.69129609],[2.81332597],[-0.00291716]
1747686032.057039,[4.69129609],[2.81332597],[-0.00291783]
1747686032.2941074,[4.67396741],[2.81337631],[-0.00290729]
1747686032.5364444,[4.65497323],[2.81343156],[-0.00290722]
1747686032.6491203,[4.65297384],[2.81343737],[-0.00290592]
1747686032.856164,[4.6149852],[2.81354785],[-0.0029106]
1747686033.0746763,[4.5939913],[2.81360897],[-0.0029146]
1747686033.2358804,[4.57699623],[2.81365853],[-0.00291868]
1747686033.4462066,[4.55400289],[2.81372571],[-0.00292204]
1747686033.6434186,[4.53400836],[2.81378413],[-0.00292188]
1747686033.9630144,[4.51401412],[2.81384255],[-0.00291981]
1747686034.0747807,[4.50801587],[2.81386006],[-0.0029163]
1747686034.2791557,[4.47402573],[2.81395904],[-0.00291152]
1747686034.4374185,[4.45403154],[2.81401725],[-0.00290742]
1747686034.6468623,[4.43403767],[2.81407537],[-0.00290731]
1747686034.8332386,[4.41504352],[2.81413057],[-0.00290705]
1747686035.0757887,[4.4140438],[2.81413347],[-0.00290267]
1747686035.369859,[4.4140438],[2.81413347],[-0.0029025]
1747686035.4810486,[4.4140438],[2.81413347],[-0.0029025]
1747686035.6706161,[4.4140438],[2.81413347],[-0.0029025]
1747686035.8347747,[4.4140438],[2.81413347],[-0.00290286]
1747686036.0591853,[4.4140438],[2.81413347],[-0.00290251]
1747686036.2348433,[4.4140438],[2.81413347],[-0.00290243]
1747686036.4659035,[4.4140438],[2.81413347],[-0.00290259]
1747686036.7154768,[4.4140438],[2.81413347],[-0.00290252]
1747686036.8618274,[4.4140438],[2.81413347],[-0.00290252]
1747686037.0646536,[4.4140438],[2.81413347],[-0.00290252]
1747686037.2238302,[4.4140438],[2.81413347],[-0.00290247]
1747686037.420862,[4.4140438],[2.81413347],[-0.00290254]
1747686037.639076,[4.4140438],[2.81413347],[-0.00290251]
1747686037.8230839,[4.41404249],[2.81413348],[-0.01345337]
1747686038.1585011,[4.41404153],[2.8141335],[-0.03375197]
1747686038.2669842,[4.41404153],[2.8141335],[-0.03443767]
1747686038.446274,[4.41404239],[2.81413345],[-0.07099768]
1747686038.6332223,[4.4140426],[2.81413344],[-0.0750237]
1747686038.8342073,[4.41404279],[2.81413342],[-0.10724122]
1747686039.0430279,[4.41404291],[2.8141334],[-0.12549394]
1747686039.247078,[4.41404299],[2.81413339],[-0.14400622]
1747686039.5580995,[4.4140429],[2.81413341],[-0.16988778]
1747686039.672539,[4.4140429],[2.81413341],[-0.18538449]
1747686039.8519886,[4.41404277],[2.81413344],[-0.24477313]
1747686040.055516,[4.41404263],[2.81413348],[-0.26014261]
1747686040.249996,[4.41404243],[2.81413354],[-0.31734793]
1747686040.4380867,[4.4140422],[2.81413362],[-0.35395598]
1747686040.641181,[4.41404194],[2.81413372],[-0.39126187]
1747686040.941219,[4.41404165],[2.81413385],[-0.4278454]
1747686041.0467312,[4.41404165],[2.81413385],[-0.43077918]
1747686041.257429,[4.41404116],[2.8141341],[-0.50186017]
1747686041.4524841,[4.41404085],[2.81413428],[-0.53839801]
1747686041.6706545,[4.41404088],[2.81413426],[-0.53928883]
1747686041.8493369,[4.41404088],[2.81413426],[-0.53779468]
1747686042.1798527,[4.41404088],[2.81413426],[-0.53778725]
1747686042.262064,[4.41404088],[2.81413426],[-0.53778721]
1747686042.4465055,[4.41404088],[2.81413426],[-0.53778634]
1747686042.6373594,[4.41404088],[2.81413426],[-0.53778564]
1747686042.8635285,[4.4140409],[2.81413425],[-0.53778518]
1747686043.08571,[4.42491645],[2.80764707],[-0.53784097]
1747686043.2781901,[4.44293543],[2.79687172],[-0.53863725]
1747686043.5578666,[4.45924071],[2.78712613],[-0.53869332]
1747686043.66328,[4.46267339],[2.78507452],[-0.53869641]
1747686043.8383033,[4.49442598],[2.76609739],[-0.53869567]
1747686044.0369022,[4.51073123],[2.75635241],[-0.53869448]
1747686044.2534807,[4.52789452],[2.74609466],[-0.53869409]
1747686044.4386158,[4.54591599],[2.73532402],[-0.53869409]
1747686044.758027,[4.56307954],[2.72506613],[-0.53869408]
1747686044.8415906,[4.56307954],[2.72506613],[-0.53869408]
1747686045.098899,[4.59654854],[2.70506312],[-0.53869527]
1747686045.2598977,[4.61199605],[2.69583083],[-0.53869519]
1747686045.4795825,[4.63173452],[2.68403399],[-0.53869518]
1747686045.671354,[4.64790468],[2.67406654],[-0.54578684]
1747686045.8453748,[4.66557017],[2.66272289],[-0.57879844]
1747686046.1507883,[4.68138791],[2.65220698],[-0.60718835]
1747686046.2843525,[4.69275465],[2.6440382],[-0.60718835]
1747686046.4587753,[4.71050861],[2.62941153],[-0.6626525]
1747686046.636545,[4.72878098],[2.61386713],[-0.68954093]
1747686046.8505316,[4.74276397],[2.60101342],[-0.76817217]
1747686047.0628548,[4.75742165],[2.58598248],[-0.78144431]
1747686047.241854,[4.77008406],[2.57183003],[-0.87474529]
1747686047.5379384,[4.78241913],[2.55609577],[-0.93848617]
1747686047.679898,[4.78989753],[2.54546587],[-0.99948742]
1747686047.8501534,[4.8031715],[2.52196415],[-1.0682796]
1747686048.09015,[4.81290924],[2.50343645],[-1.06976396]
1747686048.2768462,[4.82101574],[2.48416741],[-1.21554542]
1747686048.4496474,[4.82652061],[2.46599106],[-1.240569]
1747686048.7490246,[4.83126342],[2.44658311],[-1.30857926]
1747686048.8583803,[4.83156887],[2.44562661],[-1.37103964]
1747686049.0633123,[4.83466016],[2.40779597],[-1.41604037]
1747686049.2873313,[4.83558313],[2.38686258],[-1.59529176]
1747686049.4509177,[4.83526718],[2.36787091],[-1.59404516]
1747686049.640837,[4.8348135],[2.3478822],[-1.59403884]
1747686049.9682176,[4.83432829],[2.32689446],[-1.5939467]
1747686050.0634205,[4.83432829],[2.32689446],[-1.59394686]
1747686050.257333,[4.83347184],[2.28991549],[-1.59395131]
1747686050.472526,[4.83296249],[2.26792795],[-1.59395585]
1747686050.6474335,[4.83249937],[2.24793928],[-1.59396024]
1747686050.8720403,[4.83203616],[2.22795016],[-1.5939654]
1747686051.0300262,[4.83164244],[2.21095948],[-1.59396367]
1747686051.3269587,[4.83110986],[2.18797252],[-1.59395977]
1747686051.457223,[4.83101723],[2.18397477],[-1.59395679]
1747686051.6458235,[4.83018395],[2.14799517],[-1.59395503]
1747686051.832256,[4.82972101],[2.12800669],[-1.59395033]
1747686052.1608508,[4.82923498],[2.10701897],[-1.5939498]
1747686052.2550595,[4.82923498],[2.10701897],[-1.59420875]
1747686052.600905,[4.58007635],[2.09347751],[-1.59407878]
1747686052.7087107,[4.58007635],[2.09347751],[-1.59396453]
1747686052.8755949,[4.57924444],[2.05749792],[-1.59396834]
1747686053.0711696,[4.57852635],[2.026515],[-1.59396879]
1747686053.2465098,[4.57810945],[2.00852491],[-1.59396696]
1747686053.4694884,[4.57764627],[1.98853626],[-1.59396306]
1747686053.761567,[4.57716001],[1.96754817],[-1.59396171]
1747686053.860184,[4.57716001],[1.96754817],[-1.59396171]
1747686054.062168,[4.57639609],[1.93456693],[-1.59395304]
1747686054.2778106,[4.57579424],[1.90858214],[-1.59395249]
1747686054.433059,[4.5753081],[1.88759411],[-1.59395783]
1747686054.6662707,[4.57486815],[1.86860489],[-1.59395929]
1747686054.933695,[4.57440498],[1.84861622],[-1.59396659]
1747686055.053187,[4.57428916],[1.84361905],[-1.59396974]
1747686055.239137,[4.57347831],[1.80863841],[-1.59397107]
1747686055.4774196,[4.57301503],[1.78864942],[-1.59397107]
1747686055.6536584,[4.57252865],[1.76766135],[-1.59396738]
1747686055.8742492,[4.57204232],[1.74667324],[-1.59396163]
1747686056.164397,[4.57162554],[1.72868344],[-1.59395781]
1747686056.3061166,[4.57157924],[1.72668457],[-1.5939576]
1747686056.4752471,[4.57104678],[1.70369786],[-1.59395621]
1747686056.6507223,[4.57049112],[1.67971182],[-1.59396093]
1747686056.8340068,[4.56977316],[1.64872941],[-1.59396105]
1747686057.063081,[4.56928678],[1.62774129],[-1.59396982]
1747686057.3510594,[4.56866014],[1.60775588],[-1.59445652]
1747686057.477746,[4.56866014],[1.60775588],[-1.61346713]
1747686057.6556494,[4.56654964],[1.57683765],[-1.62489089]
1747686057.8673005,[4.56385877],[1.54696952],[-1.67043243]
1747686058.0487077,[4.56183808],[1.52908941],[-1.68989045]
1747686058.2611384,[4.55900329],[1.50728067],[-1.70981653]
1747686058.5909746,[4.55621276],[1.48849337],[-1.72959561]
1747686058.7518911,[4.55334329],[1.47174144],[-1.75864614]
1747686058.8838277,[4.55211293],[1.46586795],[-1.75941638]
1747686059.0825934,[4.54396402],[1.42978795],[-1.79052172]
1747686059.2640665,[4.54145785],[1.41736946],[-1.80436822]
1747686059.4509535,[4.54145334],[1.41737053],[-1.80445461]
1747686059.766356,[4.54145334],[1.41737053],[-1.80445496]
1747686059.8847666,[4.54145334],[1.41737053],[-1.80446027]
1747686060.0614648,[4.54145334],[1.41737053],[-1.80446095]
1747686060.2714732,[4.54145334],[1.41737053],[-1.80446115]
1747686060.4871264,[4.54145334],[1.41737053],[-1.80446116]
1747686060.6576707,[4.54145334],[1.41737053],[-1.8044615]
1747686060.930166,[4.54145334],[1.41737053],[-1.80446168]
1747686061.104719,[4.54145334],[1.41737053],[-1.80446189]
1747686061.2561421,[4.54145334],[1.41737053],[-1.80446193]
1747686061.4577093,[4.54145334],[1.41737053],[-1.80446224]
1747686061.6477654,[4.54145334],[1.41737053],[-1.8044624]
1747686061.8584986,[4.54145334],[1.41737053],[-1.80446256]
1747686062.147157,[4.53913594],[1.40764695],[-1.80533743]
1747686062.3099403,[4.5356466],[1.39306288],[-1.80536225]
1747686062.4430127,[4.53216086],[1.37847795],[-1.80538265]
1747686062.6590257,[4.52518964],[1.34930806],[-1.80538281]
1747686062.949448,[4.52030978],[1.32888902],[-1.8053811]
1747686063.0605202,[4.5219473],[1.32480786],[-1.8053811]
1747686063.3887095,[4.51358377],[1.28980229],[-1.80536561]
1747686063.5160391,[4.51358377],[1.28980229],[-1.80537693]
1747686063.6788547,[4.51079515],[1.27813428],[-1.80537695]
1747686063.8827481,[4.50289445],[1.24507433],[-1.80537845]
1747686064.0580401,[4.49778225],[1.22368287],[-1.80537974]
1747686064.381388,[4.49034629],[1.19256806],[-1.80537977]
1747686064.510121,[4.49034629],[1.19256806],[-1.805381]
1747686064.6681325,[4.48755783],[1.18090002],[-1.80538213]
1747686064.8990352,[4.47942484],[1.14686864],[-1.80538043]
1747686065.0719905,[4.47593929],[1.13228368],[-1.80537846]
1747686065.2636523,[4.4687359],[1.10214141],[-1.80537668]
1747686065.6166892,[4.46246199],[1.07588847],[-1.80537491]
1747686065.7704887,[4.46106776],[1.07005449],[-1.80537395]
1747686065.9282403,[4.46037066],[1.06713748],[-1.80537423]
1747686066.0806801,[4.45688513],[1.05255234],[-1.80537549]
1747686066.2790031,[4.44875216],[1.01852044],[-1.80537707]
1747686066.4597108,[4.4394573],[0.9796269],[-1.80537834]
1747686066.779888,[4.43434519],[0.95823545],[-1.80537954]
1747686066.9119413,[4.43411281],[0.95726312],[-1.80537956]
1747686067.0674148,[4.43248623],[0.95045684],[-1.80537879]
1747686067.24709,[4.42133265],[0.90378479],[-1.80537685]
1747686067.478341,[4.41598811],[0.88142105],[-1.80537404]
1747686067.7512653,[4.41157318],[0.8629466],[-1.80537233]
1747686067.8846266,[4.4113408],[0.86197427],[-1.80537182]
1747686068.0926902,[4.40413744],[0.8318313],[-1.80537183]
1747686068.2558365,[4.39763118],[0.80460588],[-1.80537261]
1747686068.5001054,[4.3927515],[0.78418689],[-1.80537467]
1747686068.6696615,[4.38880128],[0.76765724],[-1.80537593]
1747686068.962259,[4.38322442],[0.74432125],[-1.80537636]
1747686069.090307,[4.38299208],[0.74334894],[-1.80554937]
1747686069.2884274,[4.38237173],[0.74075618],[-1.80569677]
1747686069.5015788,[4.38237173],[0.74075618],[-1.80569748]
1747686069.6787574,[4.38237173],[0.74075618],[-1.80569592]
1747686070.0014925,[4.38237173],[0.74075618],[-1.80569416]
1747686070.1508958,[4.38237173],[0.74075618],[-1.80569405]
1747686070.2960372,[4.38237173],[0.74075618],[-1.80569405]
1747686070.5085053,[4.38237173],[0.74075618],[-1.80569206]
1747686070.7217371,[4.38237173],[0.74075618],[-1.80568724]
1747686070.8833468,[4.38237173],[0.74075618],[-1.8056855]
1747686071.1834896,[4.38237173],[0.74075618],[-1.80568361]
1747686071.3534675,[4.38237173],[0.74075618],[-1.80568186]
1747686071.517916,[4.38237173],[0.74075618],[-1.8056809]
1747686071.669598,[4.38237173],[0.74075618],[-1.8056807]
1747686071.8621657,[4.38237173],[0.74075618],[-1.80567881]
1747686072.1813228,[4.38237173],[0.74075618],[-1.80567574]
1747686072.30646,[4.38237173],[0.74075618],[-1.8056745]
1747686072.4616945,[4.38237173],[0.74075618],[-1.80567263]
1747686072.6894438,[4.38237173],[0.74075618],[-1.80567021]
1747686072.8716407,[4.38237173],[0.74075618],[-1.80566749]
1747686073.10539,[4.38237173],[0.74075618],[-1.80566574]
1747686073.384319,[4.38237173],[0.74075618],[-1.80566412]
1747686073.5056753,[4.38237173],[0.74075618],[-1.80566298]
1747686073.670037,[4.38237173],[0.74075618],[-1.80566054]
1747686073.8782656,[4.38237173],[0.74075618],[-1.8056605]
1747686074.1250427,[4.38237173],[0.74075618],[-1.80565808]
1747686074.3328192,[4.38237173],[0.74075618],[-1.80565687]
1747686074.596547,[4.38237173],[0.74075618],[-1.80565364]
1747686074.8415122,[4.38237173],[0.74075618],[-1.80565306]
1747686074.976217,[4.38237173],[0.74075618],[-1.80565221]
1747686075.1342487,[4.38237173],[0.74075618],[-1.80565028]
1747686075.2805982,[4.38237173],[0.74075618],[-1.80564711]
1747686075.4737835,[4.38237173],[0.74075618],[-1.80564482]
1747686075.7994676,[4.38237173],[0.74075618],[-1.8056439]
1747686075.9238172,[4.38237173],[0.74075618],[-1.80564304]
1747686076.0687296,[4.38237173],[0.74075618],[-1.80564108]
1747686076.275403,[4.38237173],[0.74075618],[-1.80563964]
1747686076.4761062,[4.38237173],[0.74075618],[-1.80563606]
1747686076.8105786,[4.38237173],[0.74075618],[-1.8056343]
1747686076.9375498,[4.38237173],[0.74075618],[-1.80563376]
1747686077.0550072,[4.38237173],[0.74075618],[-1.80563246]
1747686077.3204784,[4.38237173],[0.74075618],[-1.80563085]
1747686077.481284,[4.38237173],[0.74075618],[-1.8056274]
1747686077.813874,[4.38237173],[0.74075618],[-1.80562552]
1747686077.981239,[4.38237173],[0.74075618],[-1.80562552]
1747686078.101781,[4.38237173],[0.74075618],[-1.80562501]
1747686078.2917888,[4.38237173],[0.74075618],[-1.80562051]
1747686078.4872851,[4.38237173],[0.74075618],[-1.80561961]
1747686078.7161944,[4.38237173],[0.74075618],[-1.80561685]
1747686078.9706197,[4.38237173],[0.74075618],[-1.80561601]
1747686079.1126182,[4.38237173],[0.74075618],[-1.80561506]
1747686079.3253472,[4.38237173],[0.74075618],[-1.80561161]
1747686079.4950802,[4.38237173],[0.74075618],[-1.80561003]
1747686079.6656117,[4.38237173],[0.74075618],[-1.8056081]
1747686080.000974,[4.38237173],[0.74075618],[-1.80560746]
1747686080.1232924,[4.38237173],[0.74075618],[-1.80560633]
1747686080.3053503,[4.38237173],[0.74075618],[-1.80560303]
1747686080.4964318,[4.38237173],[0.74075618],[-1.8056011]
1747686080.7025244,[4.38237173],[0.74075618],[-1.80560105]
1747686080.9911175,[4.38237173],[0.74075618],[-1.80559858]
1747686081.1299605,[4.38237173],[0.74075618],[-1.80559714]
1747686081.2708888,[4.38237173],[0.74075618],[-1.80559605]
1747686081.5060885,[4.38237173],[0.74075618],[-1.80559368]
1747686081.693013,[4.38237173],[0.74075618],[-1.80559064]
1747686082.0193923,[4.38237173],[0.74075618],[-1.80558886]
1747686082.1815827,[4.38237173],[0.74075618],[-1.80558838]
1747686082.3707018,[4.38237173],[0.74075618],[-1.80558636]
1747686082.4907098,[4.38237173],[0.74075618],[-1.80558464]
1747686082.7177758,[4.38237173],[0.74075618],[-1.80558195]
1747686083.0232234,[4.38237173],[0.74075618],[-1.80558031]
1747686083.2266352,[4.38237173],[0.74075618],[-1.8055777]
1747686083.367985,[4.38237173],[0.74075618],[-1.80557679]
1747686083.4956486,[4.38237173],[0.74075618],[-1.80557614]
1747686083.7042706,[4.38237173],[0.74075618],[-1.80557335]
1747686083.9708152,[4.38237173],[0.74075618],[-1.80557141]
1747686084.1328456,[4.38237173],[0.74075618],[-1.80557093]
1747686084.2596495,[4.38237173],[0.74075618],[-1.80556828]
1747686084.484461,[4.38237173],[0.74075618],[-1.80556612]
1747686084.676937,[4.38237173],[0.74075618],[-1.8055655]
1747686084.9908376,[4.38237173],[0.74075618],[-1.80556356]
1747686085.152906,[4.38237173],[0.74075618],[-1.81561866]
1747686085.2971148,[4.38237173],[0.74075618],[-1.83556034]
1747686085.4647698,[4.38237173],[0.74075618],[-1.86550187]
1747686085.7148204,[4.38237173],[0.74075618],[-1.8662459]
1747686085.8663316,[4.38237173],[0.74075618],[-1.90564203]
1747686086.1679296,[4.38237155],[0.74075568],[-1.91340567]
1747686086.3138475,[4.38237154],[0.74075565],[-1.92836047]
1747686086.4660888,[4.38237149],[0.74075554],[-1.96579193]
1747686086.6753333,[4.38237134],[0.7407552],[-1.96768953]
1747686086.8938644,[4.38237124],[0.74075497],[-1.99577614]
1747686087.230432,[4.38237123],[0.74075495],[-2.03019331]
1747686087.370722,[4.38237124],[0.74075497],[-2.03019331]
1747686087.5380545,[4.38237126],[0.74075502],[-2.05277921]
1747686087.7008345,[4.38237134],[0.74075515],[-2.08510393]
1747686087.8795686,[4.38237149],[0.7407554],[-2.11224723]
1747686088.4071646,[4.38237041],[0.74075373],[-2.12169511]
1747686088.6053383,[4.38237041],[0.74075373],[-2.13349254]
1747686088.7709143,[4.38236916],[0.74075177],[-2.1479911]
1747686088.8900702,[4.38236911],[0.74075173],[-2.17943338]
1747686089.0497484,[4.38236911],[0.74075173],[-2.20009296]
1747686089.2941833,[4.38236911],[0.74075173],[-2.21702795]
1747686089.4304063,[4.38236763],[0.74074977],[-2.23363576]
1747686089.5607934,[4.38236762],[0.74074978],[-2.23684494]
1747686089.7171388,[4.38236765],[0.74074982],[-2.23795535]
1747686090.0358777,[4.3823629],[0.74074388],[-2.23939285]
1747686090.1697013,[4.3823629],[0.74074388],[-2.23939285]
1747686090.3018882,[4.38236299],[0.7407439],[-2.23929522]
1747686090.5398626,[4.38235625],[0.74073544],[-2.23919856]
1747686090.6955857,[4.38234927],[0.74072654],[-2.23919215]
1747686090.9852605,[4.38233998],[0.7407149],[-2.23903018]
1747686091.172594,[4.38233123],[0.74070381],[-2.23870092]
1747686091.3128464,[4.38233182],[0.74070439],[-2.23886255]
1747686091.4768074,[4.38233206],[0.7407047],[-2.23880366]
1747686091.6865556,[4.38233253],[0.74070529],[-2.23865917]
1747686092.006259,[4.38233301],[0.74070589],[-2.23861244]
1747686092.1222618,[4.38233301],[0.74070589],[-2.23861244]
1747686092.2793345,[4.38233305],[0.74070596],[-2.23763746]
1747686092.509498,[4.38233301],[0.74070591],[-2.23680031]
1747686092.686415,[4.38233302],[0.74070592],[-2.23670432]
1747686092.9930298,[4.38233301],[0.74070591],[-2.23660792]
1747686093.143833,[4.38233305],[0.74070596],[-2.23652673]
1747686093.316677,[4.382333],[0.7407059],[-2.23646876]
1747686093.4922154,[4.38233302],[0.74070593],[-2.23632417]
1747686093.700402,[4.38233299],[0.74070589],[-2.23622608]
1747686093.9922214,[4.38233304],[0.74070595],[-2.23612617]
1747686094.138159,[4.38233299],[0.74070588],[-2.2360965]
1747686094.2673013,[4.38233303],[0.74070593],[-2.23605424]
1747686094.4867396,[4.38233302],[0.74070593],[-2.23584211]
1747686094.6894233,[4.38233299],[0.74070589],[-2.23574302]
1747686094.9853897,[4.38233298],[0.74070588],[-2.23564777]
1747686095.1205142,[4.38233305],[0.74070596],[-2.23560362]
1747686095.2752578,[4.38233299],[0.74070589],[-2.23546144]
1747686095.4926553,[4.38233298],[0.74070588],[-2.24331582]
1747686095.8039086,[4.38233304],[0.74070595],[-2.24802777]
1747686095.9595885,[4.38233298],[0.74070588],[-2.26500496]
1747686096.113946,[4.38233304],[0.74070595],[-2.26500496]
1747686096.284605,[4.38233299],[0.74070589],[-2.30908074]
1747686096.4654672,[4.38233299],[0.74070589],[-2.3522852]
1747686096.8116844,[4.382333],[0.7407059],[-2.35332313]
1747686096.9525363,[4.38233306],[0.74070595],[-2.40867942]
1747686097.0949244,[4.38233305],[0.74070595],[-2.44705429]
1747686097.2863524,[4.38233305],[0.74070594],[-2.52383361]
1747686097.477925,[4.38233301],[0.74070591],[-2.56741337]
1747686097.8012743,[4.38233307],[0.74070595],[-2.61059511]
1747686097.9366279,[4.38233302],[0.74070592],[-2.64872816]
1747686098.0793426,[4.38233302],[0.74070592],[-2.67654582]
1747686098.304304,[4.38233303],[0.74070592],[-2.73971236]
1747686098.5768204,[4.38233298],[0.7407059],[-2.77942674]
1747686098.706453,[4.38233305],[0.74070593],[-2.77942674]
1747686098.926037,[4.38233335],[0.74070602],[-2.85813335]
1747686099.0626748,[4.38233343],[0.74070604],[-2.89763654]
1747686099.2786386,[4.38233395],[0.74070615],[-2.91309757]
1747686099.5843627,[4.38233442],[0.74070623],[-2.97982799]
1747686099.6938846,[4.38233442],[0.74070623],[-2.98817107]
1747686099.854068,[4.38233451],[0.74070624],[-3.05340761]
1747686100.1893477,[4.38233442],[0.74070624],[-3.06991543]
1747686100.3027735,[4.38233442],[0.74070624],[3.19145786]
1747686100.5934408,[4.38233434],[0.74070624],[-3.129978]
1747686100.7120008,[4.38233434],[0.74070624],[3.12122618]
1747686100.899659,[4.38233427],[0.74070624],[3.06739827]
1747686101.0666833,[4.38233414],[0.74070626],[3.04881435]
1747686101.3792162,[4.38233783],[0.74070548],[2.97152725]
1747686101.5199125,[4.38234197],[0.74070491],[2.96345516]
1747686101.6585104,[4.38235393],[0.74070246],[2.9432626]
1747686101.8985453,[4.38241521],[0.74068635],[2.8608224]
1747686102.088174,[4.38241542],[0.74068629],[2.8429859]
1747686102.403702,[4.38241578],[0.74068615],[2.78747749]
1747686102.5767717,[4.38241584],[0.74068614],[2.75892877]
1747686102.7495027,[4.38241074],[0.74068827],[2.72598634]
1747686102.9512842,[4.38241025],[0.74068851],[2.69704276]
1747686103.0954618,[4.38241022],[0.74068852],[2.67971323]
1747686103.4123108,[4.38240952],[0.74068891],[2.65038699]
1747686103.5784822,[4.38240947],[0.74068894],[2.63173162]
1747686103.70623,[4.38240944],[0.74068895],[2.63173162]
1747686103.9181476,[4.38240875],[0.74068936],[2.63232978]
1747686104.2097173,[4.38240833],[0.74068958],[2.63062934]
1747686104.3352702,[4.38240831],[0.74068958],[2.63130126]
1747686104.4888158,[4.38240824],[0.74068962],[2.63122918]
1747686104.7332833,[4.38240762],[0.74068999],[2.63066148]
1747686104.9122715,[4.3824075],[0.74069003],[2.63124613]
1747686105.1793203,[4.38240711],[0.74069026],[2.63076148]
1747686105.3271782,[4.38240709],[0.74069027],[2.62962598]
1747686105.4660976,[4.38240691],[0.74069036],[2.63002327]
1747686105.7047405,[4.38240639],[0.74069067],[2.62955035]
1747686105.9838595,[4.38240617],[0.74069078],[2.62957786]
1747686106.1706934,[4.38240615],[0.74069079],[2.62984092]
1747686106.3411918,[4.38240618],[0.74069077],[2.63007776]
1747686106.507327,[4.38240623],[0.74069075],[2.63003008]
1747686106.6842272,[4.38240636],[0.74069067],[2.6295679]
1747686107.0054646,[4.38240661],[0.74069053],[2.62956492]
1747686107.171013,[4.38240663],[0.74069052],[2.62962368]
1747686107.320889,[4.38240665],[0.74069051],[2.62995381]
1747686107.524817,[4.38240686],[0.74069039],[2.62963699]
1747686107.776932,[4.38240696],[0.74069034],[2.62966826]
1747686107.9214966,[4.38240702],[0.7406903],[2.62998656]
1747686108.0794563,[4.38240723],[0.74069018],[2.62441056]
1747686108.2883706,[4.38236339],[0.74071868],[2.62008966]
1747686108.499448,[4.38234562],[0.74072721],[2.55086639]
1747686108.82665,[4.38234563],[0.74072722],[2.53523871]
1747686108.96757,[4.38234566],[0.7407272],[2.47303102]
1747686109.0957758,[4.38234563],[0.74072723],[2.2820913]
1747686109.320704,[4.38234566],[0.7407272],[2.09282899]
1747686109.5784726,[4.38234564],[0.74072723],[2.01687778]
1747686109.7582319,[4.38234565],[0.74072719],[1.8118366]
1747686109.8858151,[4.38234565],[0.74072719],[1.62714269]
1747686110.0982184,[4.38234565],[0.74072723],[1.21058876]
1747686110.3117971,[4.38234566],[0.74072723],[0.95540701]
1747686110.6009557,[4.38234563],[0.7407272],[0.86990347]
1747686110.7850223,[4.38234563],[0.7407272],[0.55607]
1747686110.9422996,[4.38234567],[0.74072722],[0.20322741]
1747686111.07319,[4.38367297],[0.74085107],[0.09304074]
1747686111.5266485,[4.41961636],[0.73876137],[-0.33664407]
1747686111.6678302,[4.42027828],[0.73338793],[-0.3418973]
1747686111.7999427,[4.42027828],[0.73338793],[-0.3418973]
1747686111.9932997,[4.43648774],[0.725538],[-0.45522029]
1747686112.155802,[4.44172321],[0.72259408],[-0.48236874]
1747686112.4115422,[4.44437766],[0.72119781],[-0.48271556]
1747686112.5474398,[4.44791956],[0.71934122],[-0.48271556]
1747686112.7049456,[4.45500325],[0.71562779],[-0.48284694]
1747686112.9084241,[4.4709414],[0.70727233],[-0.48721843]
1747686113.213676,[4.49123036],[0.69645062],[-0.48805173]
1747686113.3678443,[4.49193513],[0.69564711],[-0.54308007]
1747686113.518452,[4.49277997],[0.69510973],[-0.57975163]
1747686113.7165642,[4.50463199],[0.68591846],[-0.72920252]
1747686114.1028202,[4.51747898],[0.67326497],[-0.80518095]
1747686114.3032424,[4.52815344],[0.66001179],[-0.95307633]
1747686114.4355698,[4.52847424],[0.65898966],[-0.97330987]
1747686114.5869412,[4.53070999],[0.65567241],[-0.97330987]
1747686114.7494998,[4.53127243],[0.65484584],[-1.02540714]
1747686114.9833355,[4.53169339],[0.65392439],[-1.05019956]
1747686115.1186495,[4.53416561],[0.64957846],[-1.15639339]
1747686115.307739,[4.53516523],[0.64671343],[-1.15639339]
1747686115.499368,[4.53876822],[0.63108272],[-1.49843596]
1747686115.8204412,[4.53618267],[0.59192856],[-1.66312478]
1747686115.9886334,[4.53590615],[0.58894207],[-1.66312478]
1747686116.155401,[4.53449214],[0.58406786],[-1.84396648]
1747686116.367421,[4.53244052],[0.57944217],[-2.03128074]
1747686116.673938,[4.53021914],[0.57496406],[-2.18346633]
1747686116.826263,[4.528704],[0.57350757],[-2.18346633]
1747686117.0506754,[4.52035788],[0.56227052],[-2.21340015]
1747686117.2099688,[4.51975876],[0.56147019],[-2.21462403]
1747686117.401594,[4.51795473],[0.55907408],[-2.2147762]
1747686117.6759148,[4.51735433],[0.55827468],[-2.21480998]
1747686117.8156762,[4.51015113],[0.54868068],[-2.21484499]
1747686117.9433715,[4.51015113],[0.54868068],[-2.21484524]
1747686118.145533,[4.50774979],[0.54548289],[-2.21484534]
1747686118.4345345,[4.5023472],[0.53828806],[-2.21518063]
1747686118.6267,[4.49753853],[0.53189711],[-2.21592913]
1747686118.796186,[4.49693426],[0.53110065],[-2.21620145]
1747686118.977352,[4.49272036],[0.52551375],[-2.21612293]
1747686119.2466884,[4.48966458],[0.52155778],[-2.21612293]
1747686119.4104486,[4.48609742],[0.51673425],[-2.21716655]
1747686119.5907679,[4.47648357],[0.5039472],[-2.21853025]
1747686119.7406988,[4.47466638],[0.50156094],[-2.21958055]
1747686119.9226425,[4.46982644],[0.49517633],[-2.2186828]
1747686120.2203097,[4.45901455],[0.48076487],[-2.19834494]
1747686120.3911855,[4.45774594],[0.47921935],[-2.18612812]
1747686120.600475,[4.45345681],[0.47242328],[-2.18031988]
1747686120.7502642,[4.45257042],[0.47059444],[-2.14359488]
1747686121.027662,[4.45044616],[0.46720344],[-2.12995852]
1747686121.1694484,[4.45044616],[0.46720344],[-2.11034804]
1747686121.3547733,[4.44533135],[0.45861139],[-2.0914789]
1747686121.5534163,[4.43652886],[0.44291451],[-2.06216577]
1747686121.8172348,[4.43597029],[0.44208566],[-2.04634582]
1747686121.9600816,[4.43528436],[0.43898552],[-2.03357331]
1747686122.1159346,[4.43356954],[0.43536949],[-1.98324196]
1747686122.3142002,[4.42886502],[0.42541701],[-1.91717824]
1747686122.6245644,[4.42413499],[0.41109228],[-1.89862977]
1747686122.8009677,[4.42397029],[0.40790749],[-1.83351497]
1747686122.9661703,[4.42376691],[0.40692138],[-1.83351497]
1747686123.1026425,[4.42330796],[0.40497561],[-1.76333268]
1747686123.3945482,[4.41811456],[0.38570416],[-1.70396821]
1747686123.5520878,[4.42019881],[0.38401131],[-1.69417714]
1747686123.7494235,[4.41882045],[0.37006204],[-1.64530012]
1747686123.9456112,[4.41860133],[0.36305641],[-1.60399995]
1747686124.136784,[4.41786714],[0.34908731],[-1.57262127]
1747686124.447189,[4.41890731],[0.33590748],[-1.53661796]
1747686124.577363,[4.41845999],[0.33193389],[-1.53661796]
1747686124.7773845,[4.41781116],[0.32798827],[-1.50102102]
1747686125.0085912,[4.42089786],[0.31674104],[-1.49579585]
1747686125.2829297,[4.42146861],[0.30875492],[-1.49095401]
1747686125.4290655,[4.42179293],[0.30576308],[-1.49401343]
1747686125.5609615,[4.42179293],[0.30576308],[-1.494086]
1747686125.7243447,[4.42199516],[0.30377279],[-1.49090344]
1747686126.0477862,[4.42318902],[0.28576249],[-1.49434867]
1747686126.2185907,[4.42306396],[0.28176829],[-1.49434867]
1747686126.3896842,[4.42400621],[0.27775906],[-1.49529577]
1747686126.5148387,[4.42400621],[0.27775906],[-1.48873874]
1747686126.7905278,[4.42456847],[0.26478904],[-1.4946879]
1747686126.926812,[4.42534826],[0.26179612],[-1.4946088]
1747686127.098993,[4.42570532],[0.25580957],[-1.48932749]
1747686127.2945824,[4.42607638],[0.23385337],[-1.49511202]
1747686127.6032887,[4.42974643],[0.20886483],[-1.48332655]
1747686127.7793078,[4.42974643],[0.20886483],[-1.48332655]
1747686127.954707,[4.42974643],[0.20886483],[-1.48332655]
1747686128.0856934,[4.42974643],[0.20886483],[-1.47665136]
1747686128.4188328,[4.43131704],[0.19294511],[-1.47615334]
1747686128.580947,[4.43131704],[0.19294511],[-1.47612835]
1747686128.7319987,[4.43131704],[0.19294511],[-1.47612835]
1747686128.9011495,[4.43141158],[0.19194981],[-1.47612376]
1747686129.2215793,[4.4322622],[0.18299208],[-1.47611945]
1747686129.3644621,[4.4322622],[0.18299208],[-1.47611945]
1747686129.5229259,[4.43282929],[0.17702028],[-1.47611927]
1747686129.7719138,[4.43349089],[0.17005316],[-1.47611927]
1747686130.0333166,[4.4350031],[0.1541286],[-1.4761193]
1747686130.177634,[4.43528664],[0.15114275],[-1.47611933]
1747686130.3314996,[4.43689335],[0.13422298],[-1.47611937]
1747686130.4899123,[4.43698787],[0.13322771],[-1.47611936]
1747686130.7978172,[4.44039029],[0.09739799],[-1.47611921]
1747686130.968569,[4.44039029],[0.09739799],[-1.47611927]
1747686131.13611,[4.44105187],[0.09043115],[-1.47611925]
1747686131.290504,[4.44105187],[0.09043115],[-1.47611925]
1747686131.5786242,[4.44275474],[0.07151275],[-1.47766722]
1747686131.7344723,[4.44294383],[0.07052557],[-1.4781339]
1747686131.9610977,[4.44312825],[0.06853456],[-1.47844543]
1747686132.1650178,[4.44312825],[0.06853456],[-1.47844543]
1747686132.5333643,[4.44312825],[0.06853456],[-1.47774486]
1747686132.7963035,[4.44430234],[0.053585],[-1.47774486]
1747686132.931944,[4.44430234],[0.053585],[-1.47929538]
1747686133.127338,[4.44604723],[0.03166532],[-1.47798594]
1747686133.4195974,[4.4471539],[0.02471566],[-1.48191698]
1747686133.6085317,[4.4476273],[0.0197383],[-1.48173054]
1747686133.7645884,[4.44800122],[0.01575625],[-1.48174066]
1747686133.9494038,[4.44811816],[0.01476267],[-1.48174066]
1747686134.1999054,[4.44837739],[0.01177454],[-1.48128411]
1747686134.3566682,[4.44837739],[0.01177454],[-1.47953347]
1747686134.5046017,[4.44876147],[0.00779364],[-1.47931258]
1747686134.6778839,[4.44893245],[0.00580137],[-1.48102246]
1747686134.9281166,[4.44912198],[0.00381071],[-1.48013659]
1747686135.1026108,[4.44912198],[0.00381071],[-1.48095106]
1747686135.2462606,[4.4496071],[-0.00216823],[-1.4808719]
1747686135.4161963,[4.4497633],[-0.00315891],[-1.48037422]
1747686135.6905255,[4.44985689],[-0.00415435],[-1.47936644]
1747686135.8514416,[4.45086666],[-0.01610911],[-1.48009125]
1747686135.9834332,[4.45103632],[-0.01709895],[-1.48138031]
1747686136.1785753,[4.4513732],[-0.02108389],[-1.48138031]
1747686136.424602,[4.45144687],[-0.02208096],[-1.48163048]
1747686136.6099212,[4.45167313],[-0.02406881],[-1.4808964]
1747686136.7970803,[4.45193869],[-0.02705641],[-1.47996003]
1747686136.939253,[4.45201768],[-0.02805308],[-1.48129826]
1747686137.182261,[4.45213104],[-0.0290469],[-1.47952154]
1747686137.3150203,[4.45222567],[-0.03004224],[-1.48025208]
1747686137.477262,[4.45323109],[-0.04500324],[-1.4817877]
1747686137.8511589,[4.45459417],[-0.07394244],[-1.48206226]
1747686138.1343882,[4.3823585],[-0.53330616],[-1.47780805]
1747686138.3271482,[4.38380674],[-0.55224297],[-1.47912857]
1747686138.497998,[4.38480454],[-0.56019707],[-1.48182743]
1747686138.6574214,[4.38480454],[-0.56019707],[-1.4811616]
1747686138.9677413,[4.38521848],[-0.56417584],[-1.48117711]
1747686139.1337366,[4.38548945],[-0.5671627],[-1.47996553]
1747686139.3114092,[4.38621855],[-0.57512712],[-1.48107452]
1747686139.4476311,[4.38621855],[-0.57512712],[-1.48107452]
1747686139.770542,[4.3867723],[-0.58110015],[-1.48069564]
1747686139.946142,[4.38700702],[-0.58408938],[-1.48026563]
1747686140.120996,[4.38738882],[-0.58807046],[-1.48026563]
1747686140.2796805,[4.38759581],[-0.59005963],[-1.48055368]
1747686140.5469627,[4.38808865],[-0.5960375],[-1.48077142]
1747686140.7193186,[4.38832134],[-0.60002952],[-1.48305267]
1747686140.8788981,[4.38858177],[-0.60101452],[-1.48305267]
1747686141.0541222,[4.38858177],[-0.60101452],[-1.48147039]
1747686141.359221,[4.38911261],[-0.60698941],[-1.48078879]
1747686141.5020087,[4.38911261],[-0.60698941],[-1.48015842]
1747686141.6660068,[4.38952697],[-0.61197057],[-1.48382351]
1747686141.8008652,[4.38966747],[-0.61296256],[-1.48206706]
1747686142.082847,[4.38984384],[-0.61495424],[-1.48206706]
1747686142.2462666,[4.39034786],[-0.62093139],[-1.48155975]
1747686142.431561,[4.39153597],[-0.63888836],[-1.48493192]
1747686142.6440978,[4.39260563],[-0.64785676],[-1.48659508]
1747686142.926068,[4.39340615],[-0.65583706],[-1.48686153]
1747686143.1702724,[4.39348216],[-0.65683383],[-1.48503071]
1747686143.3658702,[4.39366188],[-0.6588256],[-1.48503071]
1747686143.6206923,[4.39384856],[-0.66181881],[-1.48503071]
1747686143.7798908,[4.39415706],[-0.66480409],[-1.48319323]
1747686143.9443676,[4.39428109],[-0.66579738],[-1.48467303]
1747686144.0924592,[4.39428109],[-0.66579738],[-1.48467303]
1747686144.3702605,[4.39428109],[-0.66579738],[-1.48299259]
1747686144.564045,[4.39470422],[-0.6707779],[-1.48246928]
1747686144.6977828,[4.39470422],[-0.6707779],[-1.48246928]
1747686144.8566332,[4.394769],[-0.67177552],[-1.48611892]
1747686145.1528332,[4.39568485],[-0.69073474],[-1.48165526]
1747686145.34849,[4.39678312],[-0.69471706],[-1.48552995]
1747686145.513792,[4.39711176],[-0.69870313],[-1.48696086]
1747686145.6796033,[4.39711176],[-0.69870313],[-1.48409813]
1747686145.9836497,[4.39740385],[-0.70168928],[-1.48639414]
1747686146.1868527,[4.39784012],[-0.71766709],[-1.48639414]
1747686146.3540587,[4.39895108],[-0.71965596],[-1.4877504]
1747686146.536457,[4.39905034],[-0.72065158],[-1.48239525]
1747686146.825727,[4.39972917],[-0.72862166],[-1.47991219]
1747686147.017221,[4.40009213],[-0.73260429],[-1.47674987]
1747686147.208043,[4.40094781],[-0.74156155],[-1.47593479]
1747686147.45329,[4.40104348],[-0.74255675],[-1.47590694]
1747686147.6015267,[4.40161186],[-0.74852841],[-1.47587753]
1747686147.783094,[4.40161186],[-0.74852841],[-1.47587712]
1747686147.9624853,[4.40208572],[-0.75350478],[-1.47587406]
1747686148.23883,[4.40227524],[-0.75549531],[-1.47587284]
1747686148.4292905,[4.4028438],[-0.76146694],[-1.47587106]
1747686148.5758018,[4.4028438],[-0.76146694],[-1.47587106]
1747686148.7439969,[4.40293857],[-0.76246223],[-1.47587044]
1747686149.0060635,[4.40293857],[-0.76246223],[-1.47587041]
1747686149.2065332,[4.40369666],[-0.77042441],[-1.47587051]
1747686149.3945587,[4.4050235],[-0.78435821],[-1.47585709]
1747686149.558565,[4.40549738],[-0.78933456],[-1.47572966]
1747686149.8149335,[4.40578288],[-0.79232025],[-1.47571748]
1747686149.9790132,[4.40616254],[-0.79630128],[-1.47571544]
1747686150.2299407,[4.40673204],[-0.8022728],[-1.47571495]
1747686150.5110803,[4.40720662],[-0.80724907],[-1.47571504]
1747686150.6709962,[4.40810714],[-0.81720618],[-1.48106017]
1747686150.818155,[4.40815642],[-0.81820549],[-1.49063278]
1747686150.9734485,[4.40828333],[-0.8202012],[-1.50754576]
1747686151.250687,[4.40846367],[-0.82519777],[-1.55024963]
1747686151.4165792,[4.40856637],[-0.83019559],[-1.55024963]
1747686151.5798078,[4.40811933],[-0.83518839],[-1.63651525]
1747686151.7517664,[4.40811933],[-0.83518839],[-1.74120322]
1747686152.0275295,[4.40766722],[-0.83715301],[-1.7519297]
1747686152.1809497,[4.40720898],[-0.83910034],[-1.81160137]
1747686152.3615754,[4.40697056],[-0.84007127],[-1.81160137]
1747686152.5090396,[4.4066434],[-0.8410195],[-1.86136522]
1747686152.7626772,[4.4066434],[-0.8410195],[-1.93871114]
1747686152.9341729,[4.40622815],[-0.84193578],[-1.95212472]
1747686153.1271262,[4.39738416],[-0.85643837],[-2.23846679]
1747686153.2904246,[4.3900664],[-0.86465371],[-2.29412725]
1747686153.5622132,[4.38190097],[-0.87207434],[-2.36872263]
1747686153.7580051,[4.36998679],[-0.88124684],[-2.49146183]
1747686153.9315207,[4.36839513],[-0.88245715],[-2.55425122]
1747686154.1247697,[4.36581421],[-0.88400911],[-2.55425122]
1747686154.4287817,[4.35832414],[-0.88899534],[-2.55425122]
1747686154.597561,[4.35832414],[-0.88899534],[-2.64184667]
1747686154.8088796,[4.3545376],[-0.89049691],[-2.79385419]
1747686155.0383632,[4.34074239],[-0.89334918],[-3.03266915]
1747686155.3101592,[4.33870633],[-0.89331768],[-3.06682004]
1747686155.4838784,[4.33870633],[-0.89331768],[-3.10492419]
1747686155.6447866,[4.33669862],[-0.89332177],[-3.19415574]
1747686155.8874662,[4.33371217],[-0.8929041],[-3.24910542]
1747686156.1792793,[4.32206494],[-0.88993582],[2.89308752]
1747686156.408256,[4.31840455],[-0.88819034],[2.75808994]
1747686156.5942316,[4.31284166],[-0.88594583],[2.63666797]
1747686156.9089754,[4.30621801],[-0.88131917],[2.53584406]
1747686157.1105232,[4.30235672],[-0.8781368],[2.44069027]
1747686157.2898407,[4.30159262],[-0.87749203],[2.37969902]
1747686157.4526687,[4.30091737],[-0.87674434],[2.34010489]
1747686157.7365346,[4.29197743],[-0.86730701],[2.33121528]
1747686157.9141018,[4.2905993],[-0.86585825],[2.31200537]
1747686158.076104,[4.28934758],[-0.86428969],[2.31200537]
1747686158.2633367,[4.28261046],[-0.8569027],[2.31010571]
1747686158.5726798,[4.276548],[-0.85025358],[2.31006418]
1747686158.7415864,[4.2738536],[-0.84729838],[2.3100645]
1747686158.901577,[4.27318002],[-0.8465596],[2.31008401]
1747686159.1727588,[4.2718328],[-0.84508205],[2.31009404]
1747686159.356483,[4.26779111],[-0.84064943],[2.31009966]
1747686159.5135243,[4.26442302],[-0.83695561],[2.31010023]
1747686159.7042537,[4.2637494],[-0.83621684],[2.3101002]
1747686159.9993145,[4.26105492],[-0.83326176],[2.31010012]
1747686160.2020786,[4.25364513],[-0.82513532],[2.31009944]
1747686160.3892598,[4.25229789],[-0.82365777],[2.31009829]
1747686160.7204225,[4.24151993],[-0.81183736],[2.31009786]
1747686160.9099333,[4.2408463],[-0.81109858],[2.3100986]
1747686161.075905,[4.23949904],[-0.80962102],[2.3100986]
1747686161.237834,[4.23949904],[-0.80962102],[2.3100986]
1747686161.5119762,[4.23747819],[-0.80740471],[2.3100986]
1747686161.71609,[4.23747819],[-0.80740471],[2.31009902]
1747686161.8881207,[4.23478417],[-0.80444871],[2.31001464]
1747686162.087563,[4.22889811],[-0.79764214],[2.27325131]
1747686162.350892,[4.2282514],[-0.79687966],[2.26051782]
1747686162.5034604,[4.2282514],[-0.79687966],[2.25294794]
1747686162.6884377,[4.22700456],[-0.79531561],[2.25294794]
1747686162.973978,[4.22700456],[-0.79531561],[2.22938798]
1747686163.1718814,[4.21935825],[-0.7848042],[2.19346156]
1747686163.3500564,[4.21353305],[-0.77545209],[2.14450307]
1747686163.517568,[4.20458232],[-0.76100084],[2.12325925]
1747686163.7677977,[4.20222773],[-0.75657816],[2.10493966]
1747686163.9289904,[4.20016999],[-0.75314925],[2.09540436]
1747686164.0781698,[4.19973479],[-0.75224458],[2.09026835]
1747686164.3640337,[4.19874563],[-0.7505067],[2.09026835]
1747686164.577306,[4.19630856],[-0.74614192],[2.05176663]
1747686164.756572,[4.194984],[-0.74344727],[2.05176663]
1747686164.9283216,[4.19380244],[-0.74068547],[1.96207653]
1747686165.2362564,[4.19380244],[-0.74068547],[1.94832088]
1747686165.4198453,[4.19251245],[-0.73689288],[1.84808449]
1747686165.618871,[4.19076513],[-0.73011493],[1.77718646]
1747686165.930937,[4.19048249],[-0.72812498],[1.76012962]
1747686166.172513,[4.18875445],[-0.71726347],[1.72132718]
1747686166.3709285,[4.18782305],[-0.71032584],[1.7094602]
1747686166.5582197,[4.18741086],[-0.70735502],[1.70881658]
1747686166.8391862,[4.18714129],[-0.70537378],[1.70855997]
1747686167.0079966,[4.1868638],[-0.70339363],[1.70855997]
1747686167.207762,[4.18600809],[-0.69745652],[1.70855997]
1747686167.4873934,[4.18590485],[-0.69646134],[1.7089598]
1747686167.6613681,[4.18590485],[-0.69646134],[1.70863854]
1747686167.8374865,[4.18576852],[-0.69547092],[1.70863854]
1747686168.05235,[4.18339554],[-0.67864184],[1.70836247]
1747686168.3632064,[4.18178121],[-0.66675345],[1.7089977]
1747686168.5526807,[4.18137431],[-0.66378193],[1.70897421]
1747686168.7281358,[4.18137431],[-0.66378193],[1.70897421]
1747686168.980576,[4.18123468],[-0.66279199],[1.70897421]
1747686169.143902,[4.18123468],[-0.66279199],[1.70870361]
1747686169.3480682,[4.17956701],[-0.65091166],[1.70893081]
1747686169.516386,[4.17956701],[-0.65091166],[1.70893081]
1747686169.7799382,[4.17956701],[-0.65091166],[1.70876912]
1747686169.942774,[4.17945685],[-0.6499175],[1.70850082]
1747686170.0882268,[4.17945685],[-0.6499175],[1.70867882]
1747686170.3899713,[4.17945685],[-0.6499175],[1.70833757]
1747686170.6043835,[4.17802947],[-0.64002294],[1.70878157]
1747686170.8266258,[4.17666682],[-0.63011657],[1.71007366]
1747686171.088844,[4.17666682],[-0.63011657],[1.71041261]
1747686171.268209,[4.17614261],[-0.62615054],[1.71035664]
1747686171.451505,[4.17585856],[-0.62417058],[1.70951702]
1747686171.6532485,[4.17517791],[-0.61921781],[1.70930661]
1747686171.9663422,[4.17460641],[-0.61525983],[1.70930661]
1747686172.1549406,[4.17283015],[-0.60339532],[1.71021188]
1747686172.3106017,[4.17266801],[-0.60240879],[1.71046811]
1747686172.6442826,[4.17226796],[-0.59842415],[1.70999095]
1747686172.7786815,[4.17226796],[-0.59842415],[1.70539592]
1747686172.9944863,[4.17186531],[-0.59545202],[1.70539592]
1747686173.1555157,[4.17164804],[-0.59346379],[1.69058333]
1747686173.4780047,[4.17164804],[-0.59346379],[1.68055965]
1747686173.6256154,[4.17164804],[-0.59346379],[1.67367639]
1747686173.8237069,[4.17135241],[-0.59047873],[1.65438652]
1747686174.1344235,[4.17121259],[-0.58848325],[1.65438652]
1747686174.3733423,[4.17080936],[-0.58049419],[1.51378745]
1747686174.548459,[4.1712949],[-0.57947129],[1.51378745]
1747686174.715375,[4.17195627],[-0.57552347],[1.39693248]
1747686174.9821296,[4.17212343],[-0.5745378],[1.33693365]
1747686175.2248712,[4.17337137],[-0.56968913],[1.33693365]
1747686175.3821642,[4.17424223],[-0.56681346],[1.27550388]
1747686175.6778173,[4.17456242],[-0.56586455],[1.27550388]
1747686175.840753,[4.17515319],[-0.5639543],[1.27060366]
1747686176.0005758,[4.17515319],[-0.5639543],[1.26486238]
1747686176.306905,[4.17696985],[-0.55823742],[1.26386988]
1747686176.4807854,[4.17727483],[-0.55728531],[1.26386988]
1747686176.6406543,[4.17727483],[-0.55728531],[1.263648]
1747686176.8348866,[4.17876829],[-0.55251567],[1.26477839]
1747686177.1273947,[4.18023375],[-0.54773703],[1.29573676]
1747686177.3251479,[4.18130202],[-0.54388349],[1.30890915]
1747686177.478307,[4.18231679],[-0.54001549],[1.30890915]
1747686177.7852187,[4.18353452],[-0.53516756],[1.33859349]
1747686177.9538598,[4.18353452],[-0.53516756],[1.33859349]
1747686178.1369762,[4.18373044],[-0.53418622],[1.34304253]
1747686178.3328614,[4.18439616],[-0.53126196],[1.34304253]
1747686178.627931,[4.18471595],[-0.52826836],[1.53070216]
1747686178.8152163,[4.18486605],[-0.52025797],[1.63329855]
1747686178.9744494,[4.18442674],[-0.5182529],[1.67796718]
1747686179.2593193,[4.18428021],[-0.51726019],[1.67796718]
1747686179.4473505,[4.18406556],[-0.51628045],[1.76205776]
1747686179.641255,[4.18382013],[-0.51531079],[1.81199941]
1747686179.9755464,[4.18234753],[-0.50949628],[1.87061516]
1747686180.1516774,[4.18101388],[-0.5057155],[1.87728653]
1747686180.386552,[4.17979334],[-0.50190761],[1.87819477]
1747686180.5817842,[4.17948341],[-0.50095717],[1.87819477]
1747686180.8734715,[4.17584137],[-0.48952787],[1.87993682]
1747686181.0745058,[4.17208391],[-0.47813583],[1.87976411]
1747686181.2341597,[4.17208391],[-0.47813583],[1.88080988]
1747686181.4979126,[4.17159134],[-0.4761924],[1.88078601]
1747686181.7127151,[4.17067467],[-0.4733369],[1.88078601]
1747686181.9145887,[4.17067467],[-0.4733369],[1.88021272]
1747686182.2177796,[4.17067467],[-0.4733369],[1.87992902]
1747686182.4345639,[4.17067467],[-0.4733369],[1.87992902]
1747686182.615936,[4.17007368],[-0.47143],[1.87988417]
1747686182.8125975,[4.16915817],[-0.46857381],[1.87919537]
1747686183.155537,[4.16668648],[-0.4609676],[1.87913559]
1747686183.3336341,[4.16507664],[-0.45623532],[1.88077145]
1747686183.5243773,[4.16429249],[-0.453335],[1.88081872]
1747686183.834661,[4.16155799],[-0.444763],[1.88039538]
1747686184.0383859,[4.16124782],[-0.44381261],[1.88039538]
1747686184.2371984,[4.16062189],[-0.44191364],[1.88073449]
1747686184.5765173,[4.15687006],[-0.43051908],[1.88073449]
1747686184.7936504,[4.15669337],[-0.42952383],[1.88053882]
1747686184.975182,[4.15546443],[-0.42571845],[1.88053882]
1747686185.2471309,[4.15546443],[-0.42571845],[1.88053882]
1747686185.4635355,[4.15332222],[-0.41905629],[1.87946707]
1747686185.6924424,[4.15304868],[-0.41809394],[1.88000285]
1747686185.9203572,[4.15182097],[-0.41428817],[1.88053286]
1747686186.237936,[4.15031051],[-0.40952314],[1.87998246]
1747686186.4494638,[4.1493954],[-0.40666697],[1.88005078]
1747686186.6355202,[4.1493954],[-0.40666697],[1.87960247]
1747686186.9302764,[4.14909873],[-0.40571222],[1.88003055]
1747686187.1297522,[4.14666591],[-0.39809329],[1.88065649]
1747686187.324898,[4.14666591],[-0.39809329],[1.87974771]
1747686188.2342958,[4.14666591],[-0.39809329],[1.87942256]
1747686188.5023398,[4.14636444],[-0.3971401],[1.87942256]
1747686188.9312525,[4.14606053],[-0.39618768],[1.87924841]
